Date,time,gyro_pitch,gyro_roll,gyro_yaw,accel_pitch,accel_roll,accel_yaw
14/04/2019,23:30:29,15.84748175,118.168734,29.49363793,15.60273729,117.0521893,29.36622758
14/04/2019,23:30:40,342.1931197,223.8416679,35.08884352,342.1131143,227.9451226,34.37090526
14/04/2019,23:30:51,356.7276711,351.9034118,1.766041673,356.8228846,353.3159397,1.700395444
14/04/2019,23:31:01,17.9514481,109.8901622,28.55059371,17.66144168,108.8221529,28.40706582
14/04/2019,23:31:12,344.6175568,216.95431,38.6604758,344.4994423,221.1738779,37.99330292
14/04/2019,23:31:23,354.655362,345.0507035,4.693091707,354.8974393,346.5794176,4.508329541
14/04/2019,23:31:34,18.81800615,102.3109745,27.94597512,18.50507762,101.4957778,27.83104182
14/04/2019,23:31:45,346.8099707,210.4743456,41.41742701,346.642421,214.8020081,40.70996285
14/04/2019,23:31:56,352.8716402,338.9846639,6.094719523,353.040421,340.6321773,5.951817024
14/04/2019,23:32:07,19.27440452,95.68595057,27.28876237,18.95111288,94.94019637,27.18078561
14/04/2019,23:32:18,348.5805692,204.5301686,44.15442725,348.3452589,208.9531532,43.35008027
14/04/2019,23:32:29,351.606845,333.2030352,7.068197357,351.8113093,334.9607365,6.878403048
14/04/2019,23:32:40,19.85688817,91.27099143,26.32367542,19.56079435,90.69002237,26.24717901
14/04/2019,23:32:51,350.8397055,201.2191934,44.38158226,350.685537,205.6239005,43.86397004
14/04/2019,23:33:01,351.6771737,329.5572868,8.013045599,351.9539023,331.47692,7.719368809
14/04/2019,23:33:12,21.08261685,87.30854597,24.52587059,20.81944453,86.7443382,24.45930698
14/04/2019,23:33:23,353.4032219,197.8797364,44.85627017,353.1910241,202.4074278,44.28394471
14/04/2019,23:33:34,351.6844163,324.9177408,10.53184263,351.9092226,326.8315564,10.29401801
14/04/2019,23:33:45,22.05869527,82.90028724,25.23959633,21.76079487,82.42222181,25.17609606
14/04/2019,23:33:56,355.680144,195.2282979,47.53073319,355.5557726,199.7911101,47.21504185
14/04/2019,23:34:07,353.3419175,321.6815049,13.31956385,353.5135649,323.7063214,13.11922757
14/04/2019,23:34:18,24.55958099,80.06192017,26.34789869,24.12597838,79.68809025,26.27652321
14/04/2019,23:34:29,358.443301,194.0707994,49.70109751,358.3284497,198.7139483,49.44100391
14/04/2019,23:34:40,354.6144458,319.7650153,15.13822466,354.7664371,321.7499605,14.96644541
14/04/2019,23:34:51,25.17090512,78.41606314,26.79723122,24.7712366,77.98488013,26.72060503
14/04/2019,23:35:01,0.012446739,192.6369788,49.74816093,359.9289861,197.145573,49.52661009
14/04/2019,23:35:13,355.7539711,318.2333113,15.38449055,355.9512397,320.2905096,15.14680167
14/04/2019,23:35:24,28.33984822,77.0432361,27.33217163,27.89758323,76.66209789,27.25670146
14/04/2019,23:35:34,3.074524704,192.0189423,52.29321919,2.971659281,196.639374,52.05879344
14/04/2019,23:35:45,357.3485857,315.4521368,19.13017824,357.4147149,317.5818649,19.04509799
14/04/2019,23:35:56,29.75754619,74.609346,30.20867677,29.28676516,74.321877,30.14809641
14/04/2019,23:36:07,5.139493662,191.4453566,55.11657351,5.153488719,196.0717989,55.14923547
14/04/2019,23:36:18,359.2270024,313.7985514,22.35072855,359.2944407,316.0403185,22.25464657
14/04/2019,23:36:29,31.09976374,73.00238008,31.70617526,30.57489786,72.80797923,31.66067937
14/04/2019,23:36:40,7.067689362,190.7625153,57.47702541,7.156470722,195.4147347,57.6827712
14/04/2019,23:36:51,0.993316332,311.8713111,25.00098538,1.102248778,313.9757846,24.86298141
14/04/2019,23:37:02,33.91517114,70.97897068,33.56658902,33.37528908,70.68318934,33.49422999
14/04/2019,23:37:13,9.715021165,190.2568081,60.42456623,9.839320363,194.9139863,60.71924791
14/04/2019,23:37:24,2.58400912,310.8851171,28.89515626,2.592081976,313.0779084,28.884146
14/04/2019,23:37:34,34.95029996,70.89795098,37.79825321,34.31569684,70.71180101,37.74548658
14/04/2019,23:37:45,10.94435447,190.5101398,64.84594575,11.04180078,195.1975757,65.06929977
14/04/2019,23:37:56,3.451616247,309.2670317,31.87046521,3.431139126,311.4720694,31.89869097
14/04/2019,23:38:07,35.86033046,67.87468386,38.7477622,35.23364695,67.84178284,38.73849705
14/04/2019,23:38:18,12.16749536,188.8706895,67.12625905,12.30852254,193.5742583,67.45188149
14/04/2019,23:38:29,3.998252721,308.791408,35.56576831,3.966022339,311.1037173,35.61473052
14/04/2019,23:38:40,36.54285078,68.10301708,43.09533129,35.92495088,67.86072295,43.02749385
14/04/2019,23:38:51,12.7381662,189.4440566,71.31858135,12.86630908,194.1271075,71.62242232
14/04/2019,23:39:02,5.105906633,308.5928271,39.47237697,5.105564697,310.8205411,39.47286191
14/04/2019,23:39:13,37.58208796,67.99323545,46.79048753,36.90195822,67.87197227,46.75340643
14/04/2019,23:39:24,14.05044447,190.1673873,74.84687266,13.97060297,187.463452,74.66812661
14/04/2019,23:39:34,355.0112862,290.1032864,46.27304606,355.0848776,292.7963686,46.10921714
14/04/2019,23:39:45,28.32582243,47.56595306,41.75824321,27.84330884,47.88709489,41.82703004
14/04/2019,23:39:56,15.10460818,171.1531069,75.99290327,14.94062729,168.8892543,75.75776718
14/04/2019,23:40:07,348.5511259,274.339968,54.32863947,348.6636157,277.3187364,53.98173758
14/04/2019,23:40:18,19.80937908,33.47431658,40.91181543,19.51620687,33.97252423,40.97646317
14/04/2019,23:40:29,15.38066052,155.6808159,76.11882464,15.19377118,153.7899737,75.92359051
14/04/2019,23:40:40,345.6330335,260.6572003,62.05927638,345.7539304,263.8830372,61.53077684
14/04/2019,23:40:51,13.25493319,21.11670973,42.19027658,13.04911312,21.97699938,42.27008734
14/04/2019,23:41:02,16.68451802,142.6800426,76.42213285,16.52324872,141.0082445,76.28065914
14/04/2019,23:41:13,343.462956,247.5838494,68.8353363,343.4917145,251.2777113,68.20201384
14/04/2019,23:41:24,6.456916771,11.28721801,43.90219178,6.400603568,12.26976463,43.92743274
14/04/2019,23:41:35,16.8647633,131.5163033,76.8528036,16.63908019,130.0908155,76.69423393
14/04/2019,23:41:46,343.2123854,237.8203194,75.15954506,343.2024987,241.6707839,74.45480614
14/04/2019,23:41:56,3.00859673,2.636444268,45.88734869,3.124984434,3.784844741,45.82472269
14/04/2019,23:42:07,18.37349744,122.188355,76.7460614,18.12180497,120.9577051,76.59829709
14/04/2019,23:42:18,344.526145,229.3812245,79.4700228,344.4776575,233.3336501,78.66311792
14/04/2019,23:42:29,0.848283401,355.4830619,47.07474293,0.929237952,356.8958835,47.01877977
14/04/2019,23:42:40,19.98405263,115.2438011,74.5787126,19.69436382,114.2098744,74.43963629
14/04/2019,23:42:51,347.206966,222.9179121,80.91680713,347.1284769,226.9892513,80.31486939
14/04/2019,23:43:02,0.379478694,349.0854687,47.93326014,0.419103716,350.5987979,47.90330976
14/04/2019,23:43:13,21.96414496,108.4577555,75.1378114,21.73586809,107.4440529,75.02874694
14/04/2019,23:43:24,348.8372178,216.7178762,85.05648917,348.7447729,220.9038669,84.57178479
14/04/2019,23:43:35,358.5917849,343.3267501,51.54995118,358.6591734,344.900593,51.49625223
14/04/2019,23:43:46,22.32193076,102.728825,75.27334967,21.99785707,101.9008353,75.15097317
14/04/2019,23:43:56,350.0838844,211.4702145,88.29347291,349.9286496,215.8595946,87.75186623
14/04/2019,23:44:07,356.8103354,337.7985418,53.89303733,356.9129677,339.5265233,53.79966181
14/04/2019,23:44:18,23.6753908,96.63219132,75.83717496,23.271088,95.94578463,75.71280404
14/04/2019,23:44:29,353.5455664,207.157756,91.1936327,353.4355632,211.4955955,90.800166
14/04/2019,23:44:40,357.3879523,333.287668,57.43055964,357.5155889,335.0261527,57.31333993
14/04/2019,23:44:51,25.34310785,93.01373468,76.93061994,24.91094129,92.28598486,76.7888662
14/04/2019,23:45:02,355.8291488,205.1431781,94.6551111,355.6237087,209.5114939,93.99700189
14/04/2019,23:45:13,358.4872899,331.3091484,60.34140185,358.627887,333.0810958,60.20830195
14/04/2019,23:45:24,26.18592758,92.34906165,78.7839303,25.79125705,91.67895863,78.66407414
14/04/2019,23:45:35,356.6182741,203.8466852,96.25836824,356.5293815,208.233142,95.97311905
14/04/2019,23:45:46,357.4466749,328.6385888,61.84053958,357.5250799,330.4630348,61.76303059
14/04/2019,23:45:57,25.69636694,88.43992583,78.96437707,25.30473926,87.85694186,78.86168518
14/04/2019,23:46:08,357.4597205,201.2836158,98.01458063,357.3794391,205.6332305,97.74376363
14/04/2019,23:46:19,357.4000825,326.3503491,63.65951457,357.547554,328.1733061,63.51388811
14/04/2019,23:46:30,27.19881048,86.99902912,80.61705062,26.72321246,86.39276787,80.48796005
14/04/2019,23:46:41,359.3135103,200.0397564,100.4891991,359.2798879,204.46841,100.388768
14/04/2019,23:46:52,358.7671924,324.1182091,66.92842262,358.8383622,326.1910759,66.84122843
14/04/2019,23:47:02,28.76347022,84.71353171,82.98026875,28.27616866,84.18484775,82.86478392
14/04/2019,23:47:13,1.491513745,199.2082901,103.9751843,1.475991286,203.6987843,103.9326527
14/04/2019,23:47:24,358.8859242,321.9523868,69.47149329,359.0221119,323.854615,69.32725336
14/04/2019,23:47:35,28.86439992,81.83228471,83.4106458,28.37209355,81.44055287,83.32474935
14/04/2019,23:47:46,1.635587087,196.1725306,105.6831004,1.611162011,200.7504239,105.6232748
14/04/2019,23:47:57,358.9384545,319.9740362,72.32823357,359.0200864,321.9850249,72.23341689
14/04/2019,23:48:08,30.17910889,79.52928153,86.00855607,29.6687674,79.12653942,85.91662855
14/04/2019,23:48:19,3.498588525,195.6189711,108.9546244,3.489675982,200.1495721,108.9314086
14/04/2019,23:48:30,0.333052137,318.4579425,76.38548205,0.388871271,320.6162345,76.31163405
14/04/2019,23:48:41,31.52339598,78.81626442,88.96529715,31.04706542,78.48797821,88.89455688
14/04/2019,23:48:52,5.254217788,195.0913936,112.0204299,5.23977706,199.6484821,111.9840523
14/04/2019,23:49:03,0.754583558,316.7524955,78.66409463,0.771851824,318.9015018,78.64146622
14/04/2019,23:49:13,31.9715486,77.36269088,90.58280206,31.44466439,77.05829667,90.51079137
14/04/2019,23:49:24,6.88264673,194.9886949,114.6569103,6.90149976,199.5116871,114.7072488
14/04/2019,23:49:35,2.751060179,316.299753,82.05305691,2.807596856,318.3953814,81.98202978
14/04/2019,23:49:46,33.83894281,76.83241548,93.69068839,33.27639818,76.47931519,93.60098752
14/04/2019,23:49:57,7.507377667,194.6964857,118.317837,7.57689704,199.1799175,118.5176884
14/04/2019,23:50:08,2.915279484,315.4996271,85.85631115,2.943625837,317.6112347,85.82026141
14/04/2019,23:50:19,34.96135804,75.54438524,96.54568014,34.31531777,75.18903782,96.44297459
14/04/2019,23:50:30,9.727076449,194.0763455,121.2314181,9.834541792,198.7471021,121.4809659
14/04/2019,23:50:41,4.615069603,314.029948,88.89025386,4.593827288,316.1864299,88.91830545
14/04/2019,23:50:52,36.95649386,74.75761575,100.0327922,36.27006327,74.50263113,99.95436801
14/04/2019,23:51:03,11.19295628,194.1149224,125.5127173,11.3231653,198.6830622,125.8650595
14/04/2019,23:51:13,6.593728021,313.1648943,93.39106848,6.53979642,315.4573141,93.47144615
14/04/2019,23:51:24,37.48269847,75.09401623,104.4395757,36.87301188,74.7774233,104.3512613
14/04/2019,23:51:35,11.64239212,194.7715495,129.6386297,11.7352733,199.3956149,129.8697496
14/04/2019,23:51:46,7.160100114,313.4848545,97.74465155,7.109874744,315.698833,97.81444242
14/04/2019,23:51:57,38.69957521,75.47566671,108.5417053,38.07946575,75.14843234,108.4482478
14/04/2019,23:52:08,12.66826092,195.6439012,133.5781872,12.79872522,200.302705,133.8971297
14/04/2019,23:52:19,8.08923636,313.0290076,101.2294141,8.055552428,315.2868906,101.2782977
14/04/2019,23:52:30,39.40699157,75.10060736,112.537366,38.70030604,74.86915957,112.4632448
14/04/2019,23:52:41,13.95222976,197.0079173,137.4937297,14.07935751,201.5179869,137.8814796
14/04/2019,23:52:52,9.274151237,313.6549501,104.7082685,9.208134897,315.8753899,104.8005512
14/04/2019,23:53:03,40.81123748,75.82205292,115.2634311,40.03747267,75.52844358,115.1609099
14/04/2019,23:53:14,14.16173215,197.831201,140.483645,14.25536978,202.324441,140.770513
14/04/2019,23:53:25,10.54259591,314.4560357,107.4966522,10.45079561,316.6450942,107.6211529
14/04/2019,23:53:36,42.31296044,77.60169286,120.2625968,41.52214747,77.14274513,120.0971286
14/04/2019,23:53:46,15.56234526,199.398224,144.3254352,15.75274874,203.9842043,144.8782434
14/04/2019,23:53:57,12.5739915,315.3398485,111.8714977,12.45363759,317.5744097,112.0408727
14/04/2019,23:54:08,42.97602837,79.2254952,125.4247172,42.2674304,78.88817948,125.3133441
14/04/2019,23:54:19,14.60056242,200.4429971,149.732855,14.75290296,205.084056,150.127435
14/04/2019,23:54:30,12.55164398,316.2369904,117.0934983,12.49290008,318.3862529,117.1712395
14/04/2019,23:54:41,44.19038478,79.39471314,130.471503,43.38091174,79.03269262,130.3370029
14/04/2019,23:54:52,15.92841608,201.1507003,154.5913325,16.09553373,205.6837739,155.114402
14/04/2019,23:55:03,13.66068826,315.8002271,121.2572363,13.52860521,317.9129344,121.4244666
14/04/2019,23:55:14,44.72302342,81.14117202,136.0142561,43.97880942,80.61207825,135.8288711
14/04/2019,23:55:25,15.92815312,202.9941957,158.9874471,16.0093265,207.4076044,159.273673
14/04/2019,23:55:36,14.55104355,316.9872696,125.0243042,14.40626403,319.0701734,125.202859
14/04/2019,23:55:47,45.70605498,81.07649696,139.7053177,44.91597285,80.66103021,139.5519116
14/04/2019,23:55:58,17.8532351,202.8750908,163.0131333,18.03898551,207.4371518,163.6000105
14/04/2019,23:56:09,16.33573441,315.9808549,129.5775132,16.18931735,318.111225,129.7660127
14/04/2019,23:56:20,45.19528661,80.47470265,144.1418944,44.35657011,80.05493288,143.9800325
14/04/2019,23:56:31,16.58482629,202.1746139,167.5394587,16.76197749,206.700912,168.1121837
14/04/2019,23:56:42,14.4554209,316.8017617,134.7499744,14.280364,318.9188403,134.9708491
14/04/2019,23:56:53,45.371847,81.44202819,149.6838006,44.53332858,80.85304732,149.4553307
14/04/2019,23:57:04,16.25880257,202.9323415,173.0520497,16.4130402,207.4707563,173.529357
14/04/2019,23:57:15,14.74104063,317.1211311,139.8034128,14.57053008,319.3575809,140.0418138
14/04/2019,23:57:26,45.7714677,81.82731916,154.6552767,44.9232914,81.38115072,154.4808473
14/04/2019,23:57:39,13.38004689,213.9957999,175.8935723,13.43187692,218.2306265,176.1327382
14/04/2019,23:57:50,17.64482213,327.9933101,143.0784066,17.42618777,329.9809942,143.3252769
14/04/2019,23:58:01,44.47345172,96.78982526,165.6668667,43.67935344,95.90136108,165.334578
14/04/2019,23:58:12,11.48207307,213.0151623,181.6163866,11.5153967,217.157194,181.7964713
14/04/2019,23:58:23,15.91083176,328.5196684,148.6400794,15.75535958,330.3344769,148.7936084
14/04/2019,23:58:34,42.89498476,96.11820593,170.5963645,42.13108274,95.19921763,170.2662478
14/04/2019,23:58:45,10.19087959,212.4778177,187.2808264,10.23568734,216.7242556,187.4732192
14/04/2019,23:58:56,14.36235786,327.6240974,152.886326,14.19862713,329.5727947,153.0661512
14/04/2019,23:59:07,41.50511298,94.69428224,174.765348,40.78371182,94.12027997,174.5737476
14/04/2019,23:59:18,8.868502033,210.2454114,191.4153175,8.931677868,214.5985231,191.6388696
14/04/2019,23:59:29,12.91393429,327.5059317,157.6502054,12.86129829,329.4305731,157.7077975
14/04/2019,23:59:40,40.76598406,94.85356225,178.7766771,40.04731497,94.08285736,178.5192473
14/04/2019,23:59:51,8.819219657,210.4260425,194.9066233,8.884968766,214.7477355,195.1524008
15/04/2019,00:00:02,11.66134589,327.6535423,162.0978196,11.51206443,329.5906489,162.2599274
15/04/2019,00:00:13,38.73153367,94.47247184,183.1167196,38.0452226,93.72776266,182.8808595
15/04/2019,00:00:24,7.227372354,209.5717088,199.4691077,7.261737597,213.9197116,199.5883355
15/04/2019,00:00:35,10.21167666,327.7169879,165.3533747,10.20010803,329.5605858,165.3651772
15/04/2019,00:00:46,38.73584352,92.94759113,185.458969,38.02391583,92.29533539,185.246919
15/04/2019,00:00:57,7.709716045,209.0330255,202.4413875,7.756148524,213.3676821,202.6076753
15/04/2019,00:01:08,10.69419282,327.7632078,169.3073848,10.64086782,329.6769005,169.3648404
15/04/2019,00:01:19,38.80720192,93.41158637,189.9268007,38.13518644,92.67304485,189.6969921
15/04/2019,00:01:30,8.161275218,209.0225889,207.0030386,8.176843781,213.2565276,207.0684718
15/04/2019,00:01:41,10.76187145,327.3789755,174.0967681,10.70423149,329.3183053,174.1602069
15/04/2019,00:01:52,38.77173958,91.73293761,193.4667648,38.14616597,91.01128714,193.2557256
15/04/2019,00:02:03,8.064549495,208.0656794,211.1664487,8.104160323,212.4190234,211.3037901
15/04/2019,00:02:13,10.39399149,326.5369396,177.0281624,10.34137,328.5095494,177.0877353
15/04/2019,00:02:24,38.77653437,91.46160835,196.6260415,38.13851957,90.69655886,196.3979541
15/04/2019,00:02:35,8.583671192,208.4205351,214.2955359,8.635007748,212.6797181,214.5083373
15/04/2019,00:02:46,10.65736273,325.4179565,180.6542725,10.57078752,327.3351087,180.747368
15/04/2019,00:02:57,39.1757521,90.38686442,199.0065673,38.49758945,89.80306766,198.8244335
15/04/2019,00:03:08,9.178974259,207.2116462,217.3768528,9.200438982,211.4528932,217.4668611
15/04/2019,00:03:19,10.97916794,324.9767707,183.7382258,10.84946948,326.9367481,183.8820559
15/04/2019,00:03:30,39.00803339,90.62500579,202.9265904,38.38991493,89.85954649,202.7040765
15/04/2019,00:03:42,7.183201521,208.0360227,220.9193578,7.202008447,212.251151,221.0012244
15/04/2019,00:03:53,9.642971207,326.8826428,187.2996914,9.56667031,328.8835057,187.3877462
15/04/2019,00:04:04,37.63626844,91.04000809,206.7533405,36.98394781,90.2695969,206.5209365
15/04/2019,00:04:15,6.823158344,206.8234866,224.5161081,6.807675159,211.0578487,224.4533113
15/04/2019,00:04:26,8.819133426,325.5813483,191.1419187,8.789809716,327.5721094,191.1756461
15/04/2019,00:04:37,37.33003008,89.99789881,208.9107514,36.73117958,89.40417778,208.7462258
15/04/2019,00:04:47,6.537525809,205.7144824,226.9762193,6.604366467,210.1110069,227.1926953
15/04/2019,00:04:58,8.171990932,324.4926401,193.4984978,8.194510919,326.3633981,193.475002
15/04/2019,00:05:09,37.44213739,88.37062673,211.2802533,36.79915363,87.68120109,211.076017
15/04/2019,00:05:20,7.433709808,205.1681356,230.5533942,7.414068745,209.5227364,230.4882479
15/04/2019,00:05:31,8.780783621,324.2413028,197.4467843,8.710747716,326.2840382,197.5305224
15/04/2019,00:05:42,37.59163657,88.30737918,215.6886623,37.01499102,87.73395747,215.5347508
15/04/2019,00:05:53,8.479361397,205.0990687,234.6587068,8.504040578,209.4137129,234.7492751
15/04/2019,00:06:04,9.81858647,323.7577595,201.3908224,9.733365346,325.6835348,201.4830163
15/04/2019,00:06:15,38.75273116,88.24775162,218.858758,38.05788919,87.61053596,218.6559151
15/04/2019,00:06:26,8.727050523,205.3997746,237.5327547,8.735274925,209.7421084,237.5612366
15/04/2019,00:06:37,9.343970285,323.6524038,204.3964745,9.214683341,325.7335454,204.5551808
15/04/2019,00:06:48,37.99119581,87.82258601,221.3187736,37.27960621,87.18993291,221.1142914
15/04/2019,00:06:59,8.963445078,204.7213866,240.5042149,8.964151149,209.0855223,240.5065645
15/04/2019,00:07:10,9.292075361,322.8255104,206.8590172,9.274238322,324.8095574,206.8794668
15/04/2019,00:07:21,38.39380472,86.62642181,224.2210985,37.80450283,86.03906652,224.0594416
15/04/2019,00:07:32,9.443146339,203.9125283,243.9892916,9.542553766,208.3906871,244.285189
15/04/2019,00:07:43,9.548316738,321.6863305,211.0563187,9.514164085,323.6871695,211.0959611
15/04/2019,00:07:53,39.4523167,85.49252161,227.4798774,38.7681025,85.07508094,227.3492159
15/04/2019,00:08:05,10.31888502,204.921757,247.4129786,10.41607264,209.3633607,247.7212865
15/04/2019,00:08:16,10.8488966,322.1998548,213.9143841,10.75607604,324.160143,214.0178478
15/04/2019,00:08:26,40.13321143,86.53159146,231.7453715,39.44773365,85.89033232,231.5416543
15/04/2019,00:08:37,10.02929866,204.3160832,251.8262302,10.05798204,208.7285903,251.9172766
15/04/2019,00:08:48,10.14179871,322.0428868,218.1668462,10.09514937,324.0704251,218.2222254
15/04/2019,00:08:59,39.93376991,86.56126863,235.0202833,39.23696425,85.98653554,234.8359502
15/04/2019,00:09:10,9.955956088,205.2249764,255.2347814,10.01108084,209.6228943,255.4169904
15/04/2019,00:09:21,10.76817316,323.0133235,221.6699136,10.7305704,325.0883043,221.7165501
15/04/2019,00:09:32,40.04913863,88.34641371,239.4102645,39.35078594,87.641586,239.1822728
15/04/2019,00:09:43,10.45262098,205.5499568,258.6506683,10.48149987,209.8334963,258.7644319
15/04/2019,00:09:54,10.97585103,322.7474004,225.2439467,10.85873805,324.8353004,225.3889516
15/04/2019,00:10:05,38.99651769,87.35140541,242.8970487,38.26469707,86.7671442,242.7028801
15/04/2019,00:10:16,9.709457976,205.9943563,261.7398877,9.788269821,210.3808813,262.0083347
15/04/2019,00:10:27,10.46340072,323.657144,229.7389761,10.38526336,325.6443841,229.8282057
15/04/2019,00:10:38,39.05938275,88.1695323,247.7318118,38.50087135,87.53348459,247.5634135
15/04/2019,00:10:49,9.73146143,205.5041126,267.1712337,9.814392733,209.921797,267.4406368
15/04/2019,00:11:00,10.82857166,323.5252121,233.7874752,10.70477363,325.4567383,233.9215928
15/04/2019,00:11:11,39.94754298,88.22112755,251.3913588,39.34292781,87.68563389,251.2392574
15/04/2019,00:11:22,10.12160184,205.7266265,270.9932504,10.18065309,210.0443852,271.2175675
15/04/2019,00:11:33,10.98015832,323.2254897,237.8078474,10.92102254,325.2357783,237.8770099
15/04/2019,00:11:44,39.90818402,87.91648062,255.3968686,39.19657051,87.34291548,255.2096941
15/04/2019,00:11:55,10.17780234,205.873339,274.4628226,10.23950285,210.2096895,274.6902133
15/04/2019,00:12:06,11.6798429,322.8630662,240.8737828,11.55303019,324.8386609,241.0164654
15/04/2019,00:12:17,40.19142172,87.60162939,257.9532309,39.50477597,86.92948413,257.739002
15/04/2019,00:12:28,9.876378408,204.3413958,277.8314514,9.980282661,208.8519708,278.1285646
15/04/2019,00:12:39,10.03579417,322.1861364,244.5558831,9.910513986,324.1253842,244.6923503
15/04/2019,00:12:50,39.22989501,85.88599515,260.9163104,38.52104432,85.39184463,260.7567845
15/04/2019,00:13:01,9.489318418,203.4378438,281.1760448,9.559048673,207.9152104,281.3814013
15/04/2019,00:13:11,9.692612168,322.1024529,248.8096293,9.637301296,324.1088244,248.8739697
15/04/2019,00:13:22,38.67788253,86.19683023,265.6842127,37.97882292,85.71819789,265.5321044
15/04/2019,00:13:33,9.462486873,203.7458716,285.835149,9.52883277,208.1910271,286.0395834
15/04/2019,00:13:44,9.312512141,322.199585,253.3972556,9.219881115,324.2948753,253.5128566
15/04/2019,00:13:55,38.6337561,86.43763538,270.5740886,37.91856357,85.90534508,270.4013462
15/04/2019,00:14:06,9.59779719,203.8211267,290.6637376,9.693138093,208.2623206,290.9636171
15/04/2019,00:14:17,9.604268794,322.1201226,257.7591988,9.560768173,324.110047,257.8091548
15/04/2019,00:14:28,39.26254331,85.91717497,274.4940844,38.57085688,85.4871326,274.358348
15/04/2019,00:14:39,9.406141228,204.306316,294.9042879,9.483914031,208.703906,295.1635277
15/04/2019,00:14:50,10.07581993,322.6260142,262.7560081,10.01483659,324.691781,262.830628
15/04/2019,00:15:01,40.44691519,87.11883064,281.1627054,39.70610946,86.52233656,280.9604704
15/04/2019,00:15:12,9.878215729,207.4411542,301.0090905,9.937974761,211.7490775,301.2397255
15/04/2019,00:15:23,12.12189274,324.1931431,268.3041776,12.05484248,326.07694,268.3746993
15/04/2019,00:15:34,40.13548247,89.77108188,287.8491123,39.39603253,89.0197884,287.5934651
15/04/2019,00:15:45,10.09275026,207.0510548,306.1692369,10.17374435,211.464081,306.4350542
15/04/2019,00:15:56,11.63213659,324.6067896,272.9512881,11.61352262,326.528074,272.971642
15/04/2019,00:16:07,40.5794755,89.79214619,291.9292761,39.84887407,89.15142663,291.7139475
15/04/2019,00:16:18,10.34814555,206.8855047,310.4010377,10.40834513,211.2347233,310.6181216
15/04/2019,00:16:29,11.26454349,323.848963,277.2642042,11.19166367,325.8251929,277.3468632
15/04/2019,00:16:40,40.17248502,89.04428145,295.7922671,39.5107319,88.44790349,295.6086307
15/04/2019,00:16:51,9.453747646,206.5582567,315.3697374,9.533963095,210.994123,315.6220582
15/04/2019,00:17:02,10.80952056,324.6751769,282.1953139,10.68414305,326.7060824,282.3429894
15/04/2019,00:17:13,39.61724528,88.99959153,300.6166415,38.94036329,88.28537231,300.3921468
15/04/2019,00:17:24,9.150309662,205.9137737,319.4784684,9.188895108,210.2810103,319.6101101
15/04/2019,00:17:35,9.895823103,324.6066632,286.9143667,9.802070218,326.5248433,287.0150369
15/04/2019,00:17:45,38.62914913,89.40453295,305.5883635,37.91686286,88.73883539,305.3718294
15/04/2019,00:17:56,8.586070296,205.8036027,323.7245136,8.634965059,210.228131,323.8775064
15/04/2019,00:18:07,9.426496899,323.7741793,290.4892809,9.315827344,325.8225701,290.6216568
15/04/2019,00:18:18,38.49674592,88.24695249,308.6510784,37.80033983,87.67160468,308.4683776
15/04/2019,00:18:29,9.094577026,205.5615955,327.7972222,9.123914396,209.8693275,327.9069867
15/04/2019,00:18:40,9.748068182,323.7601057,294.9260967,9.652938161,325.7768488,295.0371146
15/04/2019,00:18:51,39.33912681,88.214352,313.0071681,38.69774131,87.48401353,312.7880317
15/04/2019,00:19:02,9.700639348,205.9977167,332.4782821,9.738095252,210.3883126,332.6017873
15/04/2019,00:19:13,10.28266623,323.093165,298.3653838,10.19531324,324.9933134,298.4578987
15/04/2019,00:19:24,39.7749885,87.3032799,315.5655965,39.12337479,86.68076962,315.3767383
15/04/2019,00:19:35,9.873461063,204.882743,335.7845905,9.866972383,209.2349532,335.7626622
15/04/2019,00:19:46,10.32516623,322.839526,302.9675345,10.20587186,324.8409934,303.1046267
15/04/2019,00:19:57,38.27005877,87.33363326,319.9984371,37.56325372,86.75054684,319.8111601
15/04/2019,00:20:08,8.899182389,204.8374861,339.0166582,8.974579994,209.2659349,339.2547313
15/04/2019,00:20:19,10.18550679,323.3125849,306.0447567,10.06792679,325.3038548,306.1787241
15/04/2019,00:20:29,37.98776705,88.06316576,323.471537,37.36810155,87.35081118,323.266102
15/04/2019,00:20:40,8.368450224,205.4598257,343.1067343,8.439807772,209.9704416,343.3056943
15/04/2019,00:20:51,9.210381176,324.4042096,310.4664129,9.097311663,326.3336629,310.5886152
15/04/2019,00:21:02,37.545444,88.85631465,328.5491133,36.90466297,88.29518729,328.3842804
15/04/2019,00:21:13,8.11025029,205.5724828,346.7660363,8.178453144,210.0236215,346.972244
15/04/2019,00:21:24,9.137725892,324.1588282,313.9009701,9.063864227,326.103407,313.982181
15/04/2019,00:21:35,37.82064598,88.29840431,331.049106,37.24722086,87.73035113,330.8971684
15/04/2019,00:21:46,7.393404008,205.1137809,350.8679739,7.420004179,209.453287,350.9612214
15/04/2019,00:21:57,7.951035166,324.4436813,317.8533922,7.915839201,326.4496429,317.8942914
15/04/2019,00:22:08,37.1071815,88.40182703,336.2872822,36.48897083,87.83826812,336.1272201
15/04/2019,00:22:19,7.47749132,204.7990048,355.1846786,7.50696444,209.2614543,355.2706332
15/04/2019,00:22:30,8.244575352,324.2818297,321.7020365,8.164207931,326.3043102,321.7962794
15/04/2019,00:22:41,37.81627808,88.75095215,339.8153737,37.20719596,88.12695973,339.6390831
15/04/2019,00:22:51,8.621889516,205.582974,358.409964,8.649925735,209.8737808,358.5175898
15/04/2019,00:23:02,9.329137675,324.1138651,325.6758849,9.288549276,326.0581262,325.7207183
15/04/2019,00:23:13,38.15878474,88.28024966,342.9206492,37.51546971,87.67306634,342.7405833
15/04/2019,00:23:24,8.907671461,206.0295727,1.828216458,8.94303135,210.3844057,1.950851437
15/04/2019,00:23:35,9.911239693,324.3227493,328.4094257,9.852242227,326.2933682,328.4759722
15/04/2019,00:23:46,38.13904208,89.20205199,346.6145009,37.46797258,88.56502757,346.4184011
15/04/2019,00:23:57,8.500776601,206.2991739,5.637401646,8.553997435,210.6142279,5.836567827
15/04/2019,00:24:08,9.808919191,324.9902501,333.0878696,9.787927458,326.9170942,333.1108054
15/04/2019,00:24:19,38.28184426,90.00144367,352.0065989,37.6246981,89.33981008,351.8061089
15/04/2019,00:24:30,8.657132438,206.8771309,10.43423069,8.675820689,211.1531025,10.50730347
15/04/2019,00:24:41,9.542040648,326.0691843,337.2907821,9.446414584,328.0090537,337.3952875
15/04/2019,00:24:52,36.69671786,91.96941925,356.0662311,36.08083971,91.27870954,355.8699921
15/04/2019,00:25:03,6.905548782,207.9552762,13.6990338,6.94071956,212.3313511,13.81555938
15/04/2019,00:25:14,9.419591578,328.4685137,340.3288486,9.316582934,330.3522115,340.4360945
15/04/2019,00:25:25,36.07365435,93.32535523,359.9771034,35.54741218,92.55480744,359.7861056
15/04/2019,00:25:36,5.409187523,208.5027159,16.98586255,5.461244237,212.941287,17.14247367
15/04/2019,00:25:47,8.896703885,328.4286868,344.1589181,8.790938405,330.4139974,344.2788341
15/04/2019,00:25:58,36.48597579,93.63408661,4.087574093,35.84702525,92.91678698,3.877147064
15/04/2019,00:26:09,5.390162031,208.8285433,21.24217177,5.393066996,213.0710333,21.25395214
15/04/2019,00:26:20,8.756630365,328.5237187,348.8085199,8.657800943,330.4297513,348.9133445
15/04/2019,00:26:31,35.93792824,92.93650573,8.258023141,35.27999661,92.23093353,8.046547677
15/04/2019,00:26:41,5.318231175,208.2654761,25.56254475,5.335251152,212.4801946,25.63594709
15/04/2019,00:26:52,7.996478976,328.159492,352.3955039,7.935751764,329.989064,352.4560441
15/04/2019,00:27:03,36.12800899,91.78276384,11.44092118,35.54948514,91.1729987,11.27815008
15/04/2019,00:27:14,5.754707156,207.7650418,28.75404114,5.784138015,212.0814345,28.86052379
15/04/2019,00:27:25,8.180824074,327.6718882,355.6220805,8.188020532,329.4792348,355.6149835
15/04/2019,00:27:36,35.53688686,92.3228269,14.59378858,34.88660503,91.65396696,14.39619462
15/04/2019,00:27:47,5.041411291,207.3467064,31.49303579,5.034653673,211.6519659,31.46863836
15/04/2019,00:27:58,7.211252254,327.838497,358.9281957,7.193649149,329.6802473,358.9459813
15/04/2019,00:28:09,35.57823341,91.83674283,17.96473453,34.92556443,91.21353587,17.78043041
15/04/2019,00:28:20,4.878249598,207.1380305,35.42656905,4.853891009,211.4086199,35.33439907
15/04/2019,00:28:31,7.264985352,327.824963,2.037145328,7.25864779,329.6916639,2.043695906
15/04/2019,00:28:42,35.12916213,92.50759035,22.1122081,34.56122507,91.75640614,21.91458853
15/04/2019,00:28:53,4.896923335,208.259971,38.98602993,4.833350923,212.4813967,38.73364761
15/04/2019,00:29:04,7.575604426,328.6801027,6.650223077,7.512185266,330.6793298,6.723213467
15/04/2019,00:29:15,34.99776636,93.05912812,25.8787569,34.42432759,92.35109022,25.69155166
15/04/2019,00:29:26,3.977261415,208.10942,43.65697774,3.995716587,212.3184147,43.73707878
15/04/2019,00:29:37,7.25839422,328.8706854,10.25622999,7.260386927,330.6985499,10.25423643
15/04/2019,00:29:48,34.51529888,92.97312238,29.84262303,33.89621736,92.31249965,29.65682481
15/04/2019,00:29:58,4.19339336,208.1924614,46.64730969,4.162370214,212.4079585,46.51846842
15/04/2019,00:30:09,7.041662072,329.5160051,14.21270671,7.065375208,331.3096606,14.1896164
15/04/2019,00:30:20,34.42121302,93.47438996,33.86924153,33.79810169,92.67971111,33.64275587
15/04/2019,00:30:31,4.403895522,208.305501,49.93811874,4.423967313,212.5861991,50.01457246
15/04/2019,00:30:42,7.570199185,328.9253201,17.78758674,7.487439491,330.8076041,17.873642
15/04/2019,00:30:53,34.67900144,93.72003088,38.53377579,34.07516832,92.9798911,38.32898623
15/04/2019,00:31:04,4.128321721,208.9430855,54.38589353,4.136157229,213.1407559,54.42051917
15/04/2019,00:31:15,7.500206822,329.8815466,21.85562692,7.427192953,331.7925225,21.93348937
15/04/2019,00:31:26,34.37439549,94.74627364,42.54714372,33.79597067,94.10006261,42.37622506
15/04/2019,00:31:37,3.483500851,209.5013169,58.30047302,3.48938143,213.8053196,58.32184468
15/04/2019,00:31:48,7.450782719,329.9798638,25.17295759,7.402709287,331.8832258,25.22401326
15/04/2019,00:31:59,34.37210055,94.48602294,45.33220458,33.74010314,93.73869779,45.11726194
15/04/2019,00:32:10,3.546745201,209.8750375,61.48917415,3.553174543,214.1291389,61.51464393
15/04/2019,00:32:21,7.658498163,330.4128465,29.0067035,7.642331959,332.1935178,29.02222852
15/04/2019,00:32:32,35.09394909,95.10442827,49.70560544,34.55560724,94.43116969,49.53746667
15/04/2019,00:32:43,4.995897472,210.63715,65.23618861,5.009521138,214.9401692,65.2860968
15/04/2019,00:32:54,8.924742665,331.0628073,33.3528724,8.834620026,333.0323146,33.4538704
15/04/2019,00:33:05,35.6059708,95.78638851,53.75422398,35.08654175,95.07403393,53.58086694
15/04/2019,00:33:16,4.547817853,210.799449,68.97441262,4.530801717,215.0617739,68.90874718
15/04/2019,00:33:27,8.772976715,330.3291972,35.7635057,8.706019517,332.1338169,35.82889793
15/04/2019,00:33:37,35.73736657,95.58945366,57.28447897,35.13219132,94.77774032,57.05701318
15/04/2019,00:33:48,4.780481843,210.0343722,72.4115892,4.764067618,214.3112044,72.34978965
15/04/2019,00:33:59,8.975938348,330.4330571,40.67450392,8.867764373,332.3668834,40.79188414
15/04/2019,00:34:10,35.3075052,95.46291758,61.03575888,34.78378337,94.72938941,60.85607026
15/04/2019,00:34:21,4.757210535,210.2996294,76.13732762,4.775105204,214.5965424,76.20364876
15/04/2019,00:34:32,8.800234293,330.3044173,43.35538391,8.730672231,332.1838514,43.42775659
15/04/2019,00:34:43,35.48453687,94.92297746,63.88489716,34.88739392,94.21095756,63.68920541
15/04/2019,00:34:54,5.042714577,209.7516433,79.44906778,5.068922867,214.0483104,79.5466507
15/04/2019,00:35:05,8.846587372,329.6445493,46.87145601,8.81215468,331.4857685,46.90628314
15/04/2019,00:35:16,36.87341144,95.97826901,67.98988866,36.24764659,95.12442706,67.74118098
15/04/2019,00:35:27,5.820354239,210.8705512,82.94201287,5.842283415,215.0948593,83.03535423
15/04/2019,00:35:38,9.634620447,330.221147,49.74646022,9.588278467,332.0485146,49.79277573
15/04/2019,00:35:49,36.65009158,95.38359176,70.51922382,36.00146949,94.51927913,70.25974494
15/04/2019,00:36:00,5.626611227,211.0501579,86.05724166,5.656445494,215.3861532,86.16170257
15/04/2019,00:36:11,10.17105838,330.6832093,53.43477261,10.04463243,332.633423,53.57375672
15/04/2019,00:36:22,36.32153216,96.59993234,74.62331374,35.66941643,95.78737888,74.37954429
15/04/2019,00:36:33,4.709986607,211.174481,89.62647312,4.734074977,215.4697957,89.71618765
15/04/2019,00:36:44,8.738596104,330.8417927,56.37368348,8.736732316,332.6195475,56.37546616
15/04/2019,00:36:55,35.76904157,95.89524806,77.31769359,35.13882002,95.04314098,77.06963478
15/04/2019,00:37:06,5.316200474,210.8015527,92.67736153,5.317587002,215.0654895,92.68277787
15/04/2019,00:37:17,10.72297609,333.0280696,59.03023092,10.58387843,334.8736038,59.17013369
15/04/2019,00:37:28,36.83447936,98.44376239,81.92975151,36.22204021,97.5286195,81.66700779
15/04/2019,00:37:39,5.128798439,212.6673964,96.1448983,5.155532227,216.9536133,96.24634027
15/04/2019,00:37:50,9.604780204,331.6095452,63.01557117,9.519586401,333.3664987,63.09542291
15/04/2019,00:38:01,35.32360737,97.07728743,84.82771198,34.79792186,96.18727963,84.60655046
15/04/2019,00:38:12,4.344122829,210.8881595,99.51941474,4.34862307,215.1091208,99.53839583
15/04/2019,00:38:23,9.041193121,330.780321,66.26354469,8.937018222,332.6672393,66.37226081
15/04/2019,00:38:34,35.38372669,95.9527924,86.73480325,34.82842207,95.22666816,86.54749897
15/04/2019,00:38:45,4.820148167,210.3694203,102.4323538,4.816906815,214.6320867,102.4197385
15/04/2019,00:38:56,8.326791193,330.2894899,69.51933877,8.234954177,332.2331329,69.61994063
15/04/2019,00:39:07,35.00787504,94.93952701,90.62538146,34.38072024,94.1900162,90.41048321
15/04/2019,00:39:18,4.056042952,209.666143,106.4367844,4.062421068,213.9806369,106.4596041
15/04/2019,00:39:29,8.300109912,330.4069521,73.68758465,8.249551998,332.3614688,73.74373564
15/04/2019,00:39:39,34.74076684,94.50310524,93.96035109,34.24364518,93.75080089,93.78484255
15/04/2019,00:39:50,4.312240786,209.6662933,109.740506,4.298563332,213.8622834,109.6807486
15/04/2019,00:40:01,8.223031228,330.0204931,77.45273326,8.16789111,331.8861986,77.50946481
15/04/2019,00:40:12,35.17669341,95.75283179,98.56124848,34.56593448,94.95697131,98.33740952
15/04/2019,00:40:23,4.434975444,210.8266195,114.0966982,4.440618034,215.125923,114.1173868
15/04/2019,00:40:34,8.663157519,330.112506,80.60379323,8.569070809,332.0864717,80.7095587
15/04/2019,00:40:45,35.55369937,94.59734819,100.9334005,34.92705683,93.76282202,100.6922265
15/04/2019,00:40:56,4.913196688,209.009311,117.018858,4.920234771,213.3107183,117.0446351
15/04/2019,00:41:07,8.441765474,328.9520159,84.06004653,8.354542251,330.87245,84.15378405
15/04/2019,00:41:18,36.29346349,93.25705334,104.3444653,35.63542258,92.59518752,104.1461302
15/04/2019,00:41:29,6.280947619,209.0834732,120.8733386,6.285697588,213.3664253,120.8913157
15/04/2019,00:41:40,8.992818307,328.4063077,87.54445388,8.889905285,330.3323015,87.65545128
15/04/2019,00:41:51,36.79632593,93.49786532,108.0528618,36.16624439,92.81283833,107.8543014
15/04/2019,00:42:02,6.304513052,209.0227938,124.1983021,6.343753769,213.3064699,124.3497
15/04/2019,00:42:13,9.500691536,329.1304649,91.79388339,9.435273692,330.986258,91.86070996
15/04/2019,00:42:24,36.33365574,93.91598901,111.693257,35.79153338,93.26621946,111.5288407
15/04/2019,00:42:35,5.254199005,209.8891214,127.7944786,5.267645086,214.1669781,127.8459509
15/04/2019,00:42:46,9.067771949,329.9132728,95.619124,8.946734166,331.756314,95.7406399
15/04/2019,00:42:57,36.19477751,95.40737448,116.7071008,35.59817073,94.59906257,116.4827838
15/04/2019,00:43:08,4.552698877,209.6598319,132.1884896,4.551442549,213.9910871,132.1841183
15/04/2019,00:43:19,8.447081069,328.6651036,98.95678473,8.360528912,330.595677,99.05060421
15/04/2019,00:43:30,35.52247516,93.36243633,118.7823855,35.00462729,92.60122541,118.5971644
15/04/2019,00:43:41,4.347594272,208.5438336,136.1443712,4.369317262,212.8873422,136.2189022
15/04/2019,00:43:51,7.19787106,329.4163732,103.8110275,7.187510516,331.2049367,103.8210474
15/04/2019,00:44:02,35.45244181,92.35529079,123.5435055,34.88617132,91.63015009,123.3531481
15/04/2019,00:44:13,4.757563998,207.5704907,140.5428081,4.742986239,211.9227009,140.4941635
15/04/2019,00:44:24,7.605390028,328.0603074,109.0372424,7.547852514,330.020179,109.1013232
15/04/2019,00:44:35,35.09983671,92.56238895,129.1469927,34.45587623,91.96991102,128.9745304
15/04/2019,00:44:46,3.957978511,207.5775258,146.0628714,3.928072101,211.806615,145.9414853
15/04/2019,00:44:57,6.299193615,328.8955268,113.729152,6.267190337,330.8130137,113.7635489
15/04/2019,00:45:08,33.62223457,92.64795756,132.8121678,33.04779175,91.95459091,132.6301979
15/04/2019,00:45:19,3.572418601,206.993408,148.7829533,3.546176801,211.2620987,148.6832462
15/04/2019,00:45:30,6.330958691,328.6499371,116.0367724,6.363823,330.5123282,116.0028537
15/04/2019,00:45:41,33.87972587,92.6762687,134.9531316,33.26914111,92.09904258,134.7940018
15/04/2019,00:45:52,4.039779418,208.2119548,151.6060207,4.057552851,212.5105343,151.6715359
15/04/2019,00:46:03,7.385977031,329.0510024,118.8373549,7.3976558,330.9273442,118.8251698
15/04/2019,00:46:14,34.92821455,93.25998349,138.5492808,34.34538085,92.62419533,138.3795233
15/04/2019,00:46:25,4.609154659,208.5714549,154.8426151,4.569743187,212.9502755,154.7178822
15/04/2019,00:46:36,7.633300742,329.3018821,122.6007208,7.602205452,331.1786029,122.6330549
15/04/2019,00:46:47,34.608087,93.52425034,142.2734278,33.94709885,92.8472215,142.0714864
15/04/2019,00:46:57,3.571730886,208.5857573,159.0181693,3.562357092,212.9222035,158.9860264
15/04/2019,00:47:08,7.063489222,329.7338301,125.8192016,7.029498359,331.6259564,125.8549918
15/04/2019,00:47:19,34.09497928,93.67814133,145.1377223,33.55039464,92.906248,144.9430209
15/04/2019,00:47:30,3.503125905,207.7600421,161.7726617,3.477313126,211.983312,161.6663429
15/04/2019,00:47:41,6.590191264,328.4419818,128.7546666,6.565794682,330.2655433,128.7789001
15/04/2019,00:47:52,33.98672078,92.25652625,147.4220517,33.44118674,91.63703492,147.2670747
15/04/2019,00:48:03,3.628434263,207.3661178,164.0561442,3.591037697,211.7122081,163.9315069
15/04/2019,00:48:14,6.610412892,328.7442928,130.6995083,6.560214417,330.6924233,130.7548192
15/04/2019,00:48:25,33.28095733,92.90355007,149.8711663,32.68391342,92.17241247,149.6725171
15/04/2019,00:48:36,3.229868606,207.5928527,166.3733268,3.202295346,212.0262876,166.2919929
15/04/2019,00:48:47,5.498818388,328.6696661,133.272987,5.45974373,330.6231207,133.3162358
15/04/2019,00:48:58,33.09743357,92.66700696,152.4343587,32.60831689,91.94252196,152.2698195
15/04/2019,00:49:09,2.722377013,207.8317181,169.3188049,2.721086534,212.0955867,169.3137916
15/04/2019,00:49:20,6.244063317,329.4971231,136.5477212,6.239978437,331.3052244,136.5517374
15/04/2019,00:49:31,33.36124279,92.82395788,156.0776636,32.83573828,92.07482956,155.8956664
15/04/2019,00:49:42,3.438380194,207.3353956,172.9282047,3.424706796,211.589415,172.8745058
15/04/2019,00:49:53,6.121170711,328.890394,139.5554087,6.069715054,330.793008,139.6099136
15/04/2019,00:50:04,33.22559865,92.66202092,158.2819159,32.64170969,91.96822397,158.0975691
15/04/2019,00:50:15,3.447921328,208.7983265,174.3401141,3.394831335,213.021009,174.1258374
15/04/2019,00:50:26,6.823080224,329.8433351,140.9005598,6.774197414,331.6480009,140.9482482
15/04/2019,00:50:37,33.06496968,93.987706,160.2508682,32.46943865,93.33255425,160.0742668
15/04/2019,00:50:48,2.63207743,208.967483,176.6181461,2.627188935,213.3702092,176.6029831
15/04/2019,00:50:59,5.575418533,330.1199578,143.7621358,5.613239425,331.9804501,143.7232174
15/04/2019,00:51:10,32.04868876,94.42985146,163.5101662,31.60434738,93.72410851,163.3643416
15/04/2019,00:51:20,2.424170527,208.3535856,179.3835941,2.366082756,212.5547256,179.1394695
15/04/2019,00:51:31,5.736295101,330.1887822,146.5495634,5.755117395,332.0193173,146.530712
15/04/2019,00:51:42,32.94289371,93.59846035,166.5580971,32.36985108,92.98144838,166.3978199
15/04/2019,00:51:53,1.581537773,207.4219204,183.5728943,1.494018504,211.7589403,183.2821604
15/04/2019,00:52:04,4.633875675,329.5346618,149.7802975,4.597413564,331.3973978,149.8176176
15/04/2019,00:52:15,32.21364465,92.84310973,168.6527932,31.74651436,92.13212802,168.4988544
15/04/2019,00:52:26,2.217241835,207.3232242,185.2522465,2.201360791,211.5101302,185.1815268
15/04/2019,00:52:37,4.861386288,329.7673117,152.2430588,4.801639208,331.690862,152.3073855
15/04/2019,00:52:48,32.58303494,93.17164866,171.8411118,32.07906944,92.4047277,171.6622428
15/04/2019,00:52:59,2.150418679,207.5318455,188.8816315,2.096535103,211.8444543,188.6931046
15/04/2019,00:53:10,4.589367601,329.7114134,155.8590019,4.562322186,331.5820315,155.8868827
15/04/2019,00:53:21,32.5961011,93.06147771,175.3254782,32.00474673,92.42932321,175.1567725
15/04/2019,00:53:32,2.342725217,207.1759653,191.5066234,2.335184901,211.5594578,191.4825675
15/04/2019,00:53:43,5.205120254,329.1452147,158.4187929,5.267596421,330.9457106,158.3576217
15/04/2019,00:53:54,32.62110642,92.87063539,177.8894766,32.04780083,92.10445892,177.6889149
15/04/2019,00:54:04,2.495121465,207.1621137,194.7000237,2.424740207,211.3802883,194.4161611
15/04/2019,00:54:15,4.594355347,329.3704128,161.1935572,4.600539656,331.2615078,161.1870549
15/04/2019,00:54:26,32.5252413,92.63087526,180.4986671,32.01327422,91.93246793,180.3342644
15/04/2019,00:54:37,2.209778359,207.0116036,197.8531396,2.179707811,211.367024,197.7537057
15/04/2019,00:54:48,4.810835204,328.4284375,164.3340372,4.870775664,330.2406984,164.2748332
15/04/2019,00:54:59,32.64681867,91.38071158,183.0142531,32.09040755,90.73142014,182.8499461
15/04/2019,00:55:10,3.275037287,207.0010578,200.6012116,3.289401175,211.2896926,200.6548969
15/04/2019,00:55:21,5.811596229,328.3705892,167.8510792,5.854270397,330.2771546,167.8053443
15/04/2019,00:55:32,33.35971625,92.00593344,186.0581679,32.75146058,91.40275261,185.8926997
15/04/2019,00:55:43,3.157517266,207.0469294,203.2180893,3.162012811,211.3378591,203.2347686
15/04/2019,00:55:54,5.796122435,328.503112,170.0356333,5.752019477,330.4807659,170.085439
15/04/2019,00:56:05,34.11526153,92.51571144,189.1312339,33.49839299,91.94306155,188.9717627
15/04/2019,00:56:16,4.880296947,207.8650221,205.6300613,4.839763617,212.2061811,205.494564
15/04/2019,00:56:26,7.752171647,327.4871179,172.8699432,7.762927487,329.3195279,172.8591105
15/04/2019,00:56:37,35.07724586,91.77984735,192.2319349,34.47930036,91.21479946,192.0780371
15/04/2019,00:56:48,4.79419601,207.5484292,209.5456585,4.787589509,211.8096749,209.519936
15/04/2019,00:56:59,7.299517935,327.8387702,175.8519901,7.287271406,329.7588662,175.8652271
15/04/2019,00:57:10,35.27489787,92.19481549,194.9823838,34.72328838,91.611893,194.8341823
15/04/2019,00:57:21,5.439609186,207.7299073,212.1080586,5.476835424,212.117935,212.2283246
15/04/2019,00:57:32,8.357497162,327.4050771,179.0405137,8.273691594,329.3136437,179.1296886
15/04/2019,00:57:43,36.23686513,92.03515299,198.478539,35.57237652,91.37834151,198.2801767
15/04/2019,00:57:54,5.795748909,208.2087582,216.1865694,5.78242321,212.3886428,216.1264911
15/04/2019,00:58:05,8.690684035,327.532689,183.3674149,8.663906278,329.5474069,183.3988474
15/04/2019,00:58:16,35.65120373,92.30901626,202.7753974,35.09026762,91.60353968,202.5917199
15/04/2019,00:58:27,5.112868731,207.4689395,219.4308956,5.104503456,211.8312857,219.4033153
15/04/2019,00:58:37,8.03307086,327.9666109,186.1099134,8.002438316,329.8869049,186.1430261
15/04/2019,00:58:48,35.00600016,92.4806111,204.5059624,34.36736381,91.76332512,204.2974231
15/04/2019,00:58:59,4.562371278,207.4561943,221.191855,4.561361264,211.7820127,221.188317
15/04/2019,00:59:10,7.245650794,328.0834344,188.3491909,7.249614011,329.9798979,188.3449835
15/04/2019,00:59:21,33.71547689,91.4003757,206.9571261,33.14180589,90.7412966,206.7846091
15/04/2019,00:59:32,3.493126081,206.8827999,224.2173419,3.483837878,211.2604594,224.1874667
15/04/2019,00:59:43,5.673020228,328.5916415,191.0989841,5.622662951,330.5294754,191.1539261
15/04/2019,00:59:54,33.17980906,92.35318026,210.3373184,32.58430195,91.65739572,210.149215
15/04/2019,01:00:05,3.768680245,207.5370911,227.1374664,3.762922395,211.7916296,227.1147765
15/04/2019,01:00:16,7.244945577,330.0077036,194.0790229,7.181477752,331.8574384,194.1433087
15/04/2019,01:00:27,34.03511267,94.56700166,214.158577,33.41520129,93.9054432,213.9727822
15/04/2019,01:00:38,3.184835888,208.9151227,230.4434009,3.193650247,213.2918123,230.4719237
15/04/2019,01:00:49,6.782873888,330.398609,198.4376535,6.73309675,332.2710968,198.4890848
15/04/2019,01:01:00,34.02184844,94.35838036,218.7745418,33.4435534,93.60830948,218.5753871
15/04/2019,01:01:11,3.45016227,208.4619943,234.6276977,3.456044344,212.6951133,234.6519176
15/04/2019,01:01:22,6.943221117,329.4261677,202.3504777,6.881344299,331.3756966,202.4186839
15/04/2019,01:01:32,33.47765995,93.00475981,221.8818954,32.91474991,92.25482553,221.6880683
15/04/2019,01:01:43,3.800029959,208.1500869,238.2309094,3.748375373,212.4711378,238.0535567
15/04/2019,01:01:54,7.061103779,328.8231234,205.2204822,7.073853607,330.6996359,205.207177
15/04/2019,01:02:05,34.90334583,92.16640874,224.3238929,34.28247822,91.45143136,224.1212412
15/04/2019,01:02:16,4.47798301,207.6397625,242.0537662,4.462507509,211.9033988,241.994125
15/04/2019,01:02:27,6.935357008,328.1706525,209.1176925,6.898751463,330.1542009,209.159343
15/04/2019,01:02:38,34.00547307,92.57503163,228.1004001,33.4184627,91.99460899,227.94571
15/04/2019,01:02:49,3.750829545,207.7833877,244.7780692,3.699108792,212.0777462,244.5928754
15/04/2019,01:03:00,6.512033836,329.3943253,212.1186317,6.457830735,331.3276104,212.1775762
15/04/2019,01:03:11,34.3472933,93.25886334,232.5489023,33.80406103,92.56719058,232.3754155
15/04/2019,01:03:22,2.955798941,207.6383008,249.1460093,2.883540662,211.9166494,248.8833748
15/04/2019,01:03:32,5.858936697,329.2508743,216.2295177,5.795124374,331.0903603,216.2934892
15/04/2019,01:03:43,33.7277405,93.05408744,235.7210334,33.14411791,92.39392234,235.5455522
15/04/2019,01:03:54,3.902127627,208.1650997,251.789354,3.858219756,212.3826322,251.6095082
15/04/2019,01:04:05,6.432899691,328.7482065,218.3568757,6.4513126,330.6000723,218.3380654
15/04/2019,01:04:16,33.73364861,92.84937984,237.7616617,33.21310965,92.20577795,237.6072721
15/04/2019,01:04:27,2.904283093,207.9533911,254.778313,2.884281951,212.2943998,254.7105098
15/04/2019,01:04:38,5.801170372,329.5503644,221.8223088,5.794866961,331.5441564,221.8295488
15/04/2019,01:04:49,32.61736348,93.29663429,240.5027532,32.04315972,92.73116293,240.3562457
15/04/2019,01:05:00,2.266083451,207.9202784,257.6053898,2.222612498,212.1743797,257.4370666
15/04/2019,01:05:11,5.501280671,330.5323885,225.42731,5.484753321,332.4859285,225.4456285
15/04/2019,01:05:22,32.87601249,93.69064741,245.4464646,32.30306891,93.07046623,245.2854293
15/04/2019,01:05:33,2.170768374,208.8934164,261.7201895,2.110392704,213.1840866,261.5022723
15/04/2019,01:05:44,5.291820541,330.4716818,229.1010775,5.260429418,332.2517298,229.1310347
15/04/2019,01:05:54,32.71740526,93.97845109,249.5163012,32.19317799,93.26097387,249.3433881
15/04/2019,01:06:05,2.668754051,208.8024519,265.850118,2.63583382,213.0647495,265.7238619
15/04/2019,01:06:16,5.813479227,329.9445346,232.4222706,5.766765002,331.8459551,232.4717075
15/04/2019,01:06:27,33.77321931,93.25508625,252.0884958,33.17249393,92.65268405,251.9246873
15/04/2019,01:06:38,3.105607615,208.0553112,268.2922385,3.051829266,212.3658026,268.1042717
15/04/2019,01:06:49,5.915248618,329.8962418,235.1497017,5.937400629,331.6981225,235.1280364
15/04/2019,01:07:00,32.76984062,93.02214948,254.2831107,32.22829541,92.39851905,254.1291855
15/04/2019,01:07:11,1.878319951,207.5165049,270.997089,1.813866657,211.805249,270.7639063
15/04/2019,01:07:22,4.823783535,329.3108399,237.1780494,4.775854817,331.1313859,237.2253416
15/04/2019,01:07:33,32.74847237,93.31357316,256.7052392,32.15054737,92.6755447,256.5330911
15/04/2019,01:07:44,2.75241405,208.2662001,273.1706328,2.726781845,212.5089634,273.0685351
15/04/2019,01:07:54,5.618179786,329.4666092,239.3871784,5.596954119,331.2434522,239.4074094
15/04/2019,01:08:05,33.10067108,93.01923982,258.8643849,32.49810154,92.43077804,258.7046131
15/04/2019,01:08:16,2.912755729,208.1443359,275.4287548,2.841157631,212.4647311,275.1847326
15/04/2019,01:08:27,5.707462738,329.5475401,242.3834185,5.71629588,331.3315343,242.3749354
15/04/2019,01:08:38,32.54418141,93.01510072,261.4295239,32.05540966,92.25563833,261.2573417
15/04/2019,01:08:49,2.418818006,208.0183599,277.3754133,2.400184183,212.4493358,277.3200888
15/04/2019,01:09:00,6.351796317,330.2183945,245.5711429,6.322447848,332.1454196,245.6029511
15/04/2019,01:09:11,33.47085367,94.87560327,265.8876294,32.91881046,94.19726303,265.7160824
15/04/2019,01:09:22,3.201995244,209.7098972,281.2861065,3.206552048,213.9916882,281.3032844
15/04/2019,01:09:33,6.690308603,330.9180381,248.5377468,6.628321648,332.7568087,248.5999152
15/04/2019,01:09:44,35.16450836,94.83902078,269.8833379,34.62744717,94.06396506,269.6888892
15/04/2019,01:09:55,4.053773195,209.4130572,285.4697886,4.019477107,213.6514354,285.3333829
15/04/2019,01:10:05,7.835618629,330.0624271,253.0437455,7.759205888,331.9969621,253.1268689
15/04/2019,01:10:17,35.44952191,96.09845302,273.7872623,34.90746785,95.30830258,273.586803
15/04/2019,01:10:28,4.540006251,210.6715742,288.9280773,4.514714487,214.9329429,288.83087
15/04/2019,01:10:38,8.783706089,330.7654687,256.3455409,8.741406727,332.5814299,256.3873622
15/04/2019,01:10:49,35.46529281,96.4612112,277.4323771,34.83443264,95.7547579,277.2287692
15/04/2019,01:11:00,5.274631089,210.6435294,291.7649349,5.239094468,214.8099312,291.6044118
15/04/2019,01:11:11,8.987172301,330.6686337,258.590228,8.896965993,332.52247,258.6818823
15/04/2019,01:11:22,36.01777998,95.08182034,279.342583,35.45703511,94.29936753,279.1374655
15/04/2019,01:11:33,5.153317965,209.9231767,294.9689629,5.168683756,214.1107383,295.0387743
15/04/2019,01:11:44,8.77969506,329.8867,262.9570684,8.706133923,331.8371032,263.038293
15/04/2019,01:11:55,34.89683324,95.52688913,284.4968759,34.30936867,94.75053568,284.2864378
15/04/2019,01:12:06,4.323513587,210.075285,299.3773515,4.305388826,214.3262035,299.3060443
15/04/2019,01:12:17,8.203415778,330.2477506,266.0155725,8.110820611,332.1376366,266.1124656
15/04/2019,01:12:28,34.82261982,94.95206041,286.3960237,34.29295573,94.18765979,286.2071212
15/04/2019,01:12:38,4.468272616,209.5341838,301.6380553,4.438386269,213.7648985,301.5172497
15/04/2019,01:12:49,8.075579396,329.5724362,269.0877028,7.987372626,331.4927473,269.1824239
15/04/2019,01:13:00,35.18142674,94.38333788,289.1770513,34.58577277,93.79702761,289.0176211
15/04/2019,01:13:11,3.941062694,209.0034917,304.9461618,3.938966252,213.215806,304.9372211
15/04/2019,01:13:22,7.500309275,329.8339982,272.204284,7.468846008,331.6839277,272.2362697
15/04/2019,01:13:33,34.32725011,94.12763608,292.3917482,33.70379386,93.3813218,292.1797049
15/04/2019,01:13:44,3.884504031,209.6468955,308.4040612,3.844899606,213.8428856,308.2346725
15/04/2019,01:13:55,7.656576319,330.5870232,275.595828,7.604829098,332.4444487,275.6486732
15/04/2019,01:14:06,33.94877567,95.25643413,296.1929397,33.34973734,94.60197223,296.0147537
15/04/2019,01:14:17,3.742130446,209.7616564,311.1589906,3.695204912,214.0636374,310.9924501
15/04/2019,01:14:28,7.829859072,330.3086793,278.1390422,7.778312488,332.1436318,278.190692
15/04/2019,01:14:39,34.44864648,94.9461318,297.9647249,33.91749681,94.1325265,297.7629475
15/04/2019,01:14:49,4.104268783,209.7989219,313.6513403,4.108386533,214.1203143,313.6658886
15/04/2019,01:15:00,8.137570193,330.0010271,280.9991156,8.098665436,331.7929443,281.0367636
15/04/2019,01:15:11,34.78181627,95.43480452,302.219803,34.29879896,94.70990971,302.0551886
15/04/2019,01:15:22,4.636605189,209.9119479,317.3404006,4.619103683,214.1147818,317.2651934
15/04/2019,01:15:33,8.073879533,330.0375891,284.8077725,8.013724349,331.9034021,284.8696267
15/04/2019,01:15:44,34.50212344,94.58938419,304.2953745,33.88082894,93.86575297,304.0904723
15/04/2019,01:15:55,4.237807092,209.5977182,319.8432347,4.214672815,213.8304547,319.7495279
15/04/2019,01:16:06,7.766202563,330.4137652,288.0770767,7.695528888,332.2935511,288.1505012
15/04/2019,01:16:17,35.06066558,95.62232053,309.5345497,34.5243079,94.84132255,309.338875
15/04/2019,01:16:28,4.293806106,210.0778258,324.7004588,4.287771634,214.3888637,324.6788686
15/04/2019,01:16:39,8.033729973,330.6822258,291.2920672,7.957032072,332.500306,291.3676706
15/04/2019,01:16:50,34.34501543,95.10998121,310.74183,33.73708078,94.44491203,310.5578623
15/04/2019,01:17:01,3.104818301,210.0697389,326.995317,3.061457699,214.313554,326.825037
15/04/2019,01:17:12,7.683759618,330.6792034,293.9835033,7.621472562,332.5526236,294.0479119
15/04/2019,01:17:23,34.62836583,95.05732045,314.8747638,34.07311584,94.19242043,314.6506243
15/04/2019,01:17:33,3.526379497,209.356954,330.561089,3.529171337,213.7036454,330.5705351
15/04/2019,01:17:44,7.210264438,330.0848404,297.4593455,7.14262849,332.0160507,297.5327291
15/04/2019,01:17:55,33.64713402,94.50790004,317.5406242,33.13665934,93.73431964,317.356858
15/04/2019,01:18:06,3.143094254,209.1080892,334.1901017,3.128993329,213.3608382,334.1346183
15/04/2019,01:18:17,6.84644502,330.703717,302.2308201,6.823789283,332.6027025,302.2548214
15/04/2019,01:18:28,33.54362933,95.02417354,322.1844323,32.94533891,94.29745508,321.9863909
15/04/2019,01:18:39,1.934864312,209.228041,338.1019286,1.920464993,213.529216,338.0497374
15/04/2019,01:18:50,6.101607342,330.4980019,304.2966825,6.044184661,332.463324,304.3608112
15/04/2019,01:19:01,33.4963371,93.96513222,324.1550101,32.96435758,93.35101625,324.0052582
15/04/2019,01:19:12,3.633811329,208.9700238,340.3090666,3.59587902,213.1732129,340.1485657
15/04/2019,01:19:23,7.000503779,330.5817674,307.8365237,7.030606984,332.433167,307.8057024
15/04/2019,01:19:34,34.91092734,94.40928576,328.6889922,34.35675994,93.71151364,328.5101778
15/04/2019,01:19:45,4.288262553,209.4743923,344.827901,4.268946352,213.7793239,344.7586053
15/04/2019,01:19:55,8.054514239,329.9683344,312.4980458,7.984288795,331.7842495,312.5671844
15/04/2019,01:20:06,34.75913663,94.79353855,333.6547856,34.23057561,94.03319506,333.467343
15/04/2019,01:20:17,3.627279107,209.9376703,349.3695772,3.603013153,214.1090718,349.2591467
15/04/2019,01:20:28,8.358520836,330.966068,316.5923617,8.328099174,332.8017035,316.6229678
15/04/2019,01:20:39,35.2041576,96.04159169,338.1001886,34.66772138,95.30310481,337.9154747
15/04/2019,01:20:50,4.252912909,211.0443249,352.8472726,4.242040102,215.3384649,352.8073771
15/04/2019,01:21:01,8.198171047,330.9825936,319.585979,8.099743752,332.8591283,319.687742
15/04/2019,01:21:12,34.35427034,95.70085405,339.9797354,33.81069998,94.95328301,339.7914715
15/04/2019,01:21:23,3.304042966,209.9438722,355.3435877,3.30410892,214.2036699,355.3438451
15/04/2019,01:21:34,7.549721425,330.9547333,322.4856675,7.474996594,332.851989,322.5644128
15/04/2019,01:21:45,33.1779615,95.5400509,342.6912283,32.66750731,94.81917908,342.521078
15/04/2019,01:21:56,1.785753919,209.6138921,358.9378838,1.746290687,213.8381318,358.7760707
15/04/2019,01:22:06,5.61047704,330.7016645,326.3182472,5.559463638,332.5465157,326.3696546
15/04/2019,01:22:17,32.69866663,94.40038603,346.4054177,32.18654246,93.6286771,346.2226308
15/04/2019,01:22:28,2.160383925,208.884783,2.513405668,2.101624875,213.1725572,2.300114868
15/04/2019,01:22:39,5.656059588,330.5853498,328.9105635,5.691045524,332.3349284,328.8778332
15/04/2019,01:22:50,32.9858112,93.84739342,348.621044,32.38741491,93.1548259,348.4332258
15/04/2019,01:23:01,2.955156903,208.6319158,5.619841656,2.951594319,212.9504805,5.607255325
15/04/2019,01:23:12,6.744183001,330.0396689,332.7883727,6.693113677,331.9550042,332.8430927
15/04/2019,01:23:23,33.28377137,94.54131332,353.0434694,32.6872568,93.90027275,352.8703544
15/04/2019,01:23:34,1.834589238,209.5765856,9.438132126,1.825623761,213.8507813,9.404058874
15/04/2019,01:23:45,5.85993732,331.655036,336.1983463,5.862474308,333.4886668,336.1958004
15/04/2019,01:23:56,32.67892397,95.57820434,356.5952634,32.14297269,94.91817584,356.433614
15/04/2019,01:24:07,2.009708031,209.4177154,11.63228429,1.968713022,213.7512655,11.49258729
15/04/2019,01:24:17,6.121979662,330.8589364,337.5188405,6.113830392,332.6515879,337.5267242
15/04/2019,01:24:28,33.33232719,94.99670252,356.9475319,32.8980501,94.24764251,356.7942044
15/04/2019,01:24:39,2.337603855,209.2737896,12.69802091,2.316107543,213.5978868,12.62317484
15/04/2019,01:24:50,6.125729009,331.3110369,340.14742,6.08777877,333.1431942,340.1853139
15/04/2019,01:25:01,33.11997661,95.51076988,0.379216345,32.57348976,94.81919274,0.206103266
15/04/2019,01:25:12,2.045508468,211.0655395,16.04913113,2.027948905,215.3698701,15.98589383
15/04/2019,01:25:23,6.280467371,332.3650461,342.797378,6.312091574,334.1509783,342.7668214
15/04/2019,01:25:34,32.81411732,96.27527296,3.463567584,32.31623068,95.53126045,3.291955879
15/04/2019,01:25:45,1.48043838,210.4277774,18.72936737,1.456121306,214.6403376,18.62655766
15/04/2019,01:25:56,6.666897276,332.8872841,346.1554695,6.664612151,334.6720005,346.1576697
15/04/2019,01:26:07,33.2119451,97.34103518,7.308369006,32.63063112,96.50029354,7.083692068
15/04/2019,01:26:18,2.282865225,211.6667327,21.52939318,2.270957217,215.8778586,21.47870635
15/04/2019,01:26:29,7.332152579,333.2084959,348.6004339,7.253447455,335.0573137,348.6799902
15/04/2019,01:26:40,33.52756131,98.37822673,10.29672191,33.03605749,97.62683762,10.12456272
15/04/2019,01:26:51,2.817518133,212.721232,24.40097888,2.816780472,216.9421796,24.39788822
15/04/2019,01:27:02,8.315269517,334.3553188,352.2166246,8.246875418,336.115503,352.2808831
15/04/2019,01:27:13,33.67294531,99.85011883,14.26378543,33.08291258,99.01262153,14.03650576
15/04/2019,01:27:24,1.265824125,213.0009282,28.07955142,1.263321927,217.2659442,28.06987475
15/04/2019,01:27:35,7.069848982,334.4155594,354.490483,6.999614574,336.114475,354.5529907
15/04/2019,01:27:45,32.99272335,99.42403114,16.92639209,32.40850995,98.60033082,16.70582479
15/04/2019,01:27:56,1.594285681,212.7584565,30.63016433,1.532000972,216.9529576,30.36447339
15/04/2019,01:28:07,7.12947568,334.0430972,357.4843779,7.10546415,335.8569222,357.5080477
15/04/2019,01:28:18,33.16459482,98.63530822,19.51660815,32.60118276,97.85538941,19.31481704
15/04/2019,01:28:29,1.892221734,212.8587783,33.79277415,1.881138044,217.1625488,33.75273899
15/04/2019,01:28:40,7.161882366,334.2226304,1.050837197,7.129310475,335.9252566,1.08001235
15/04/2019,01:28:51,32.34600006,99.19841634,22.44150006,31.74786332,98.3346911,22.2053992
15/04/2019,01:29:02,1.474131981,212.8427957,36.09645693,1.428303759,217.0053042,35.88570462
15/04/2019,01:29:13,7.655642291,333.9650298,3.363879692,7.658740635,335.7113368,3.360986253
15/04/2019,01:29:24,33.62047238,98.95624515,25.74754726,33.021919,98.20761543,25.54309408
15/04/2019,01:29:35,2.651050628,213.2340426,38.91950048,2.649910627,217.4031764,38.91420025
15/04/2019,01:29:46,8.273939189,334.3949954,6.534125229,8.180042017,336.2149283,6.626711431
15/04/2019,01:29:57,34.24296216,100.189347,29.11818585,33.63876021,99.41879922,28.90497808
15/04/2019,01:30:08,2.757151213,214.3942185,42.34282544,2.728139985,218.5151312,42.19630422
15/04/2019,01:30:19,8.778841286,335.1458142,9.958893923,8.706242352,336.8895068,10.02617641
15/04/2019,01:30:30,34.00264878,101.203917,32.86074019,33.41943601,100.3846358,32.64056221
15/04/2019,01:30:41,2.114285911,214.9020294,45.23604917,2.074202519,219.0547981,45.04799699
15/04/2019,01:30:52,8.690385214,335.2649532,11.91416705,8.634049814,337.021449,11.96703101
15/04/2019,01:31:02,34.31707996,100.7443409,35.10242877,33.85357307,99.92299012,34.92203323
15/04/2019,01:31:13,1.759706886,214.4919175,48.4564458,1.745645447,218.6424323,48.38882693
15/04/2019,01:31:24,7.992057282,335.1503597,15.29551197,7.941454118,336.9505551,15.34476105
15/04/2019,01:31:35,33.19594539,100.0425662,38.26943722,32.66700188,99.18054173,38.0572813
15/04/2019,01:31:46,0.840950286,213.1411793,52.02058878,0.794704356,217.3496004,51.82511901
15/04/2019,01:31:57,6.558450948,335.1619641,18.69970557,6.523849636,336.8810801,18.73110566
15/04/2019,01:32:08,31.95952405,99.32196763,40.74919887,31.54745874,98.54386565,40.59839854
15/04/2019,01:32:19,0.563338315,213.1271774,54.70562152,0.509829119,217.248295,54.43744438
15/04/2019,01:32:30,6.962291005,335.1328368,22.6735933,6.900900411,336.887398,22.73092249
15/04/2019,01:32:41,32.61677608,100.2484828,45.08638948,32.06092845,99.41660673,44.87357104
15/04/2019,01:32:52,1.540116518,213.7201198,58.07020685,1.531280174,217.9892476,58.03632228
15/04/2019,01:33:03,8.638510781,336.5726987,24.42334092,8.576145178,338.341687,24.48244596
15/04/2019,01:33:14,32.84058772,102.3226473,48.37553538,32.32479574,101.3575416,48.14176874
15/04/2019,01:33:25,0.854222785,215.5115145,60.707097,0.810753433,219.7167937,60.52201937
15/04/2019,01:33:36,8.134103872,337.3793885,28.45797976,8.107255252,339.1242747,28.48297484
15/04/2019,01:33:47,32.47921265,102.9768565,52.27978421,31.94396488,102.1054131,52.0637385
15/04/2019,01:33:58,0.310826354,215.8878443,64.35629632,0.238743126,220.0778512,64.04501045
15/04/2019,01:34:09,7.594013494,337.288979,32.56621902,7.568537742,339.1107458,32.59152829
15/04/2019,01:34:20,32.70332141,103.0719191,56.9713387,32.13805837,102.2609844,56.76097912
15/04/2019,01:34:31,359.7232875,216.7678868,68.47160824,359.6654349,220.8362207,68.14382746
15/04/2019,01:34:42,7.772009077,338.2880683,34.9917114,7.752827345,340.0124862,35.00925816
15/04/2019,01:34:53,31.96210928,103.6797444,59.03943802,31.48444341,102.88734,58.86365627
15/04/2019,01:35:04,0.255356014,216.5150879,69.78205516,0.216561913,220.5870144,69.56107122
15/04/2019,01:35:15,7.896810294,339.289374,36.31306955,7.881184529,341.0735663,36.32813353
15/04/2019,01:35:26,32.39975023,104.1817907,60.47107299,31.83412178,103.2798915,60.23572516
15/04/2019,01:35:37,0.402574658,217.464047,72.03508869,0.326460898,221.6170753,71.684297
15/04/2019,01:35:48,9.169433338,338.8664795,38.86646406,9.057169788,340.5398775,38.96414259
15/04/2019,01:35:59,32.59225912,104.8940018,63.30716561,32.03157572,103.995347,63.07432446
15/04/2019,01:36:10,0.46229954,217.2913935,74.05371694,0.441979087,221.4014599,73.9467835
15/04/2019,01:36:21,8.488910001,338.8610273,40.95161494,8.408778222,340.5276088,41.02105406
15/04/2019,01:36:32,32.04523951,104.0699463,65.05165739,31.51208519,103.1240744,64.81708137
15/04/2019,01:36:43,359.737158,216.8116274,75.93773583,359.6839638,220.8897831,75.64169494
15/04/2019,01:36:54,7.734737589,338.652406,43.34765896,7.722126498,340.3766838,43.35920198
15/04/2019,01:37:05,31.37740752,104.1181538,67.15082724,30.86098716,103.1199968,66.90995379
15/04/2019,01:37:16,358.9306223,216.3334185,78.8485234,358.8589671,220.4131725,78.45464005
15/04/2019,01:37:27,6.333177648,338.6395857,46.2676468,6.288867223,340.3053374,46.30602221
15/04/2019,01:37:38,30.81951767,103.2891942,70.23336674,30.3458338,102.4273951,70.04384949
15/04/2019,01:37:49,358.6318019,215.4481987,81.98984351,358.5974188,219.5296875,81.79505335
15/04/2019,01:38:00,6.507271486,337.6986162,48.25010579,6.449653718,339.4344814,48.30304658
15/04/2019,01:38:11,30.29338478,102.7203487,72.01416782,29.74626272,101.8298287,71.79110067
15/04/2019,01:38:22,358.2869605,215.5121839,84.27117451,358.2459469,219.7270526,84.09677929
15/04/2019,01:38:33,6.22743949,338.1182988,51.50045621,6.184088706,339.7584219,51.53716506
15/04/2019,01:38:44,29.88148681,102.7685767,75.43045085,29.42799981,101.709911,75.20363393
15/04/2019,01:38:55,359.1429108,215.1162378,87.04332973,359.0806802,219.2515622,86.73815004
15/04/2019,01:39:05,6.053890786,338.1112842,54.25615067,6.008487104,339.8488809,54.29794801
15/04/2019,01:39:16,30.03598569,103.0894112,77.41454568,29.55879111,102.2440865,77.22841619
15/04/2019,01:39:27,357.4735892,215.1428209,89.80120985,357.4403429,219.2935405,89.63917044
15/04/2019,01:39:38,5.078253332,338.9157968,57.77788159,5.104058213,340.5981305,57.75515072
15/04/2019,01:39:49,29.29828769,102.8663987,81.93419796,28.84141975,102.044604,81.76129855
15/04/2019,01:40:00,357.1439365,215.4831419,93.42973418,357.0956031,219.6529724,93.20321096
15/04/2019,01:40:11,4.860824078,339.1826062,61.30279195,4.820639087,340.8899691,61.33880754
15/04/2019,01:40:22,28.72659744,102.9178095,84.92922908,28.36447789,102.064473,84.78440858
15/04/2019,01:40:33,355.9012142,214.8952402,96.81194141,355.8334668,219.1615813,96.54544792
15/04/2019,01:40:44,3.526534244,338.818844,63.91824897,3.56806713,340.5113512,63.8814001
15/04/2019,01:40:55,27.74520513,102.0412982,86.58331649,27.44586696,101.2561611,86.47309772
15/04/2019,01:41:06,356.5858804,213.8787578,99.22568928,356.4995707,217.9947801,98.77579155
15/04/2019,01:41:17,3.807088106,338.033543,66.09294705,3.871510023,339.769661,66.03346976
15/04/2019,01:41:28,28.13890064,101.0251163,88.82653502,27.72276454,100.2071123,88.66958411
15/04/2019,01:41:39,356.6143476,213.0446141,102.0476571,356.546933,217.302035,101.7800571
15/04/2019,01:41:49,3.241129027,337.0117706,69.45583167,3.242623984,338.7552737,69.45446563
15/04/2019,01:42:00,28.17717019,100.0900292,91.16067704,27.68733806,99.31161989,90.98762737
15/04/2019,01:42:11,356.4445655,212.2754665,104.5463588,356.3308851,216.4768252,104.0538476
15/04/2019,01:42:22,1.987778855,337.0805882,71.37404249,2.061396128,338.6977704,71.31289863
15/04/2019,01:42:33,27.12746745,99.51923715,93.64556133,26.75642255,98.75207713,93.51449683
15/04/2019,01:42:44,355.9815602,211.6138261,107.1508534,355.9233452,215.8572724,106.9123159
15/04/2019,01:42:55,2.046813034,336.2636685,73.4722083,2.065205666,337.9687382,73.45576803
15/04/2019,01:43:06,27.73785584,98.96338953,95.0189143,27.23552616,98.25867793,94.85972991
15/04/2019,01:43:17,356.5923584,211.1436222,108.6348008,356.4866117,215.4753145,108.2667834
15/04/2019,01:43:28,3.066516308,335.56549,74.87872183,3.105487873,337.2508938,74.84437281
15/04/2019,01:43:39,28.25173195,101.6462742,96.98759338,27.80592551,100.8613215,96.82743228
15/04/2019,01:43:50,357.3308084,214.2437768,109.4439665,357.2949883,218.4128833,109.2759233
15/04/2019,01:44:01,4.336477713,338.1086119,76.71060589,4.385957737,339.793401,76.66689951
15/04/2019,01:44:12,28.80655847,101.4230226,99.4158076,28.41493762,100.5432942,99.25482004
15/04/2019,01:44:23,357.5737527,214.2968337,110.8548513,357.5351448,218.4442611,110.665539
15/04/2019,01:44:34,3.844923085,337.7278511,78.08230595,3.835279285,339.4079188,78.09075489
15/04/2019,01:44:45,28.64076587,100.925334,100.6833883,28.15151259,100.0892096,100.4964665
15/04/2019,01:44:56,357.0136966,213.9754869,112.8801322,356.937179,218.1392112,112.5195528
15/04/2019,01:45:07,3.608835889,338.2838729,80.03360903,3.665780884,339.9897519,79.98243726
15/04/2019,01:45:18,28.82967524,101.4013299,102.8808992,28.34471815,100.6246076,102.7092838
15/04/2019,01:45:29,357.3445366,213.7722205,115.4529415,357.2762559,218.1177098,115.2204965
15/04/2019,01:45:40,3.832954459,337.520536,82.92542234,3.851934701,339.2761457,82.90765701
15/04/2019,01:45:51,28.5153875,101.1992998,105.9258726,28.02079643,100.380442,105.7413277
15/04/2019,01:46:03,356.5080355,220.0762256,117.2260996,356.4568765,224.2257977,116.9742159
15/04/2019,01:46:14,6.549490593,343.7105692,85.08258049,6.519051001,345.3687734,85.10880842
15/04/2019,01:46:25,29.1903263,108.561308,111.547412,28.69658901,107.6041731,111.3287982
15/04/2019,01:46:36,356.1185192,219.0623933,121.3896736,356.0400271,223.1761616,120.9727725
15/04/2019,01:46:47,5.861452341,342.8791917,88.82887095,5.820210805,344.5089927,88.86347952
15/04/2019,01:46:58,29.03327977,106.4048465,114.3878281,28.60488347,105.3620883,114.1769939
15/04/2019,01:47:09,356.3944836,217.797292,124.4244906,356.3431308,221.7812867,124.0347737
15/04/2019,01:47:20,5.07542478,341.3001612,92.07697424,5.129133972,342.9081483,92.03251654
15/04/2019,01:47:31,28.56454437,104.902157,117.1835475,28.14932181,104.0388416,117.0172324
15/04/2019,01:47:42,357.3242734,217.0480885,128.4378688,357.2877505,221.1482374,128.2378262
15/04/2019,01:47:53,5.885477531,340.4700969,96.4644487,5.885990222,342.0348608,96.46404572
15/04/2019,01:48:04,28.93074497,104.2778231,119.2104471,28.53603175,103.3328391,119.0350752
15/04/2019,01:48:15,356.8618162,216.0825457,129.907302,356.8016741,220.2098241,129.5982496
15/04/2019,01:48:26,4.774856756,339.7127689,97.54706784,4.735892234,341.4470462,97.58279656
15/04/2019,01:48:36,28.57062836,102.8167227,120.0520221,28.06589446,102.025336,119.8706669
15/04/2019,01:48:47,356.8267703,215.2323101,131.6557485,356.7849943,219.382934,131.4510887
15/04/2019,01:48:58,4.521746594,339.2006328,99.42715254,4.540606454,340.8613899,99.4108762
15/04/2019,01:49:09,29.46891265,102.1642416,123.0372109,29.00029337,101.21699,122.8308299
15/04/2019,01:49:20,357.8767663,214.2813701,134.6636272,357.815183,218.4328138,134.3671833
15/04/2019,01:49:31,4.481052327,337.6301094,102.5680287,4.528015,339.2761337,102.5279423
15/04/2019,01:49:42,29.56293361,101.0386332,125.5982586,29.13872423,100.2193725,125.4370252
15/04/2019,01:49:53,358.449602,213.5187112,138.9309791,358.3528685,217.7484971,138.5400874
15/04/2019,01:50:04,5.168043426,335.9351911,105.4777917,5.115300278,337.7368994,105.5290113
15/04/2019,01:50:16,29.70940702,105.3539331,129.0721611,29.17798415,104.3771614,128.83264
15/04/2019,01:50:27,357.830502,217.1327009,139.853082,357.7893809,221.3218472,139.6686532
15/04/2019,01:50:38,5.817903909,339.4250472,106.7152034,5.767608103,341.1359669,106.760433
15/04/2019,01:50:51,28.50814238,113.9228289,134.6859482,28.07046556,112.8986215,134.475715
15/04/2019,01:51:02,355.0782511,224.1017205,141.1923455,355.0200292,228.0606621,140.7004079
15/04/2019,01:51:13,7.303706548,347.0238128,109.6395216,7.201675475,348.5587945,109.7181439
15/04/2019,01:51:24,28.00571196,112.1857137,136.4712777,27.58679938,111.0780141,136.2514003
15/04/2019,01:51:35,355.5065598,222.9026671,143.2486559,355.4705084,226.9310581,143.0044356
15/04/2019,01:51:46,7.358400996,345.6633834,111.6576854,7.283437962,347.2879507,111.7202704
15/04/2019,01:51:57,28.58855078,110.6025783,138.3743187,28.1275557,109.5939574,138.1574602
15/04/2019,01:52:08,355.222456,221.0597455,146.8607878,355.1555714,225.0683699,146.3835351
15/04/2019,01:52:19,6.267629177,343.6847562,113.9688643,6.328803766,345.2887424,113.9182185
15/04/2019,01:52:30,28.72246518,108.1798351,139.8639556,28.23339119,107.1096605,139.6193802
15/04/2019,01:52:41,355.9893279,219.4485039,149.1914669,355.9356255,223.526318,148.8764995
15/04/2019,01:52:51,5.497970164,343.02789,117.3714187,5.446551219,344.6292962,117.413479
15/04/2019,01:53:02,28.01631241,106.8949535,142.5275382,27.58007676,105.8972405,142.324381
15/04/2019,01:53:13,355.9417932,218.4805021,152.7697074,355.8929479,222.5749273,152.4944917
15/04/2019,01:53:24,6.017715543,341.7049165,119.4454193,6.043178488,343.3647225,119.4233714
15/04/2019,01:53:35,28.75365865,105.83025,144.4715193,28.31589817,104.864311,144.2741268
15/04/2019,01:53:46,356.5940017,217.3085919,155.5819694,356.5226064,221.4660188,155.2383836
15/04/2019,01:53:57,4.992805958,340.725896,122.2566295,5.021321998,342.3043066,122.2336938
15/04/2019,01:54:08,28.68237538,104.7852925,146.4936514,28.17700456,103.8986452,146.2885545
15/04/2019,01:54:19,355.8797038,216.7950164,158.5448645,355.8157945,220.8612602,158.1597102
15/04/2019,01:54:30,4.452625079,341.2596838,125.059425,4.428807356,342.934033,125.0801751
15/04/2019,01:54:41,27.84898985,105.4940681,149.223842,27.41632981,104.5011566,149.0234442
15/04/2019,01:54:52,355.8076743,217.1134671,159.8024663,355.7494025,221.175203,159.4457118
15/04/2019,01:55:03,3.709640943,340.7647342,126.8749302,3.763212252,342.3359646,126.832105
15/04/2019,01:55:14,26.28497898,105.3172003,150.2895427,25.87550573,104.5477795,150.1459858
15/04/2019,01:55:25,353.8576134,216.6581394,161.3303113,353.8000221,220.7870434,161.0226113
15/04/2019,01:55:36,2.894040584,342.1604082,129.0263306,2.893587444,343.8306353,129.0267267
15/04/2019,01:55:47,26.79240569,104.5458397,153.8844898,26.36241455,103.547471,153.68498
15/04/2019,01:55:58,354.6261873,215.8976934,164.6561899,354.5677508,220.0462957,164.3611394
15/04/2019,01:56:09,3.35314605,340.7604448,132.0965416,3.389601758,342.4594561,132.0640299
15/04/2019,01:56:20,27.63601089,103.605309,155.8221326,27.1489723,102.8103365,155.6465147
15/04/2019,01:56:31,355.3678357,215.5299834,166.9704356,355.3015381,219.7916662,166.7060527
15/04/2019,01:56:42,3.444704949,340.3436701,134.3233745,3.448950339,341.9749703,134.3198228
15/04/2019,01:56:53,26.73698724,103.4212901,156.9565587,26.31530502,102.5923578,156.7964864
15/04/2019,01:57:03,354.9723601,214.7217124,169.2139479,354.8736135,218.9528917,168.7965004
15/04/2019,01:57:14,2.709167,339.6030214,135.7844202,2.71163035,341.2526146,135.7823302
15/04/2019,01:57:25,26.52617345,102.5874947,158.6283021,26.15039011,101.7591294,158.4847998
15/04/2019,01:57:36,355.6393464,214.0638286,170.6922603,355.5575946,218.2345743,170.3055077
15/04/2019,01:57:47,2.964882239,338.216254,137.9953252,2.964796008,340.0017645,137.9954208
15/04/2019,01:57:58,27.08447482,101.6655353,160.9900859,26.71820593,100.775828,160.8383464
15/04/2019,01:58:09,355.0989764,213.3288456,173.4272593,355.0350181,217.558973,173.1560325
15/04/2019,01:58:20,1.710671357,338.6432655,140.1506323,1.746944677,340.4061766,140.1165224
15/04/2019,01:58:31,26.97489639,101.134331,162.8092658,26.50749289,100.3527525,162.643702
15/04/2019,01:58:42,355.3523696,213.7790917,175.8619349,355.3034036,217.8714405,175.5823616
15/04/2019,01:58:53,2.358170836,338.5639943,142.8592941,2.424591651,340.2443916,142.8010053
15/04/2019,01:59:04,27.28522945,101.1503273,166.1651427,26.89343272,100.3989997,166.0301508
15/04/2019,01:59:15,357.0370844,213.8039672,178.9019838,356.9934643,217.9629514,178.6925019
15/04/2019,01:59:26,3.926611721,337.5345977,146.6248457,3.945739239,339.2989636,146.6068003
15/04/2019,01:59:37,28.06072742,100.7931016,168.7773348,27.6302445,99.90132476,168.5997363
15/04/2019,01:59:47,356.5523043,212.4735147,182.1673779,356.5000574,216.6439189,181.9214775
15/04/2019,01:59:58,2.398378452,336.891561,149.5463498,2.483738954,338.6121266,149.4687042
15/04/2019,02:00:09,28.00678088,99.91294975,171.9915126,27.50940138,99.15658826,171.8213862
15/04/2019,02:00:20,356.3436981,212.3101502,184.8610816,356.2844407,216.5949191,184.6362864
15/04/2019,02:00:31,2.286511052,337.0945201,152.1863546,2.36165722,338.8280614,152.117274
15/04/2019,02:00:42,27.61085018,99.52394998,173.9657105,27.17576372,98.76071732,173.8141759
15/04/2019,02:00:53,355.5821602,211.5838552,188.141881,355.5232673,215.8091878,187.8911584
15/04/2019,02:01:04,1.827065144,337.5461202,154.8278073,1.873434658,339.3229444,154.7836706
15/04/2019,02:01:15,26.78196233,100.508392,177.0163735,26.38780919,99.67803905,176.8657541
15/04/2019,02:01:26,354.9966858,212.7517219,189.8004832,354.902795,216.90001,189.3319868
15/04/2019,02:01:37,1.44244588,337.7991668,155.6634809,1.516735713,339.5197119,155.5960396
15/04/2019,02:01:48,26.44520839,100.6044176,177.6649409,26.00568401,99.80691789,177.5055243
15/04/2019,02:01:59,355.4617969,212.4730366,190.9433514,355.3714391,216.6324852,190.5059461
15/04/2019,02:02:10,1.843603807,337.9729814,158.524251,1.858834275,339.749903,158.509771
15/04/2019,02:02:21,26.44017966,100.7445526,180.8209427,25.99729995,99.93469024,180.6577559
15/04/2019,02:02:32,355.6583557,213.2817856,193.9408072,355.5904461,217.5142216,193.6557971
15/04/2019,02:02:43,2.295773643,338.3670236,161.3467037,2.297453656,340.1005085,161.3451601
15/04/2019,02:02:54,27.97115461,101.3897732,184.7563065,27.63784992,100.474364,184.6122851
15/04/2019,02:03:05,356.3673626,213.498248,197.4524534,356.2896509,217.6747311,197.0924751
15/04/2019,02:03:16,3.358450546,337.9509797,164.2857751,3.387467537,339.6244051,164.2604761
15/04/2019,02:03:27,27.79956831,101.7760546,186.8882544,27.36170537,100.9309963,186.71821
15/04/2019,02:03:37,356.7446983,214.0110995,199.8679771,356.694058,218.2117888,199.6442747
15/04/2019,02:03:48,3.665190072,338.3235699,167.1030916,3.754575904,340.0418321,167.0216894
15/04/2019,02:03:59,28.50339881,101.7131281,190.3299868,28.05022771,100.8476885,190.1493146
15/04/2019,02:04:10,356.5770592,214.5143206,202.9325191,356.493637,218.6521175,202.5165059
15/04/2019,02:04:21,4.37102609,338.9133516,170.6987763,4.416738412,340.5316096,170.6606775
15/04/2019,02:04:32,29.0383102,102.7541035,193.7892044,28.54905863,101.9545343,193.6106359
15/04/2019,02:04:43,357.4151461,214.8449154,206.0947464,357.3708826,219.0763542,205.9113421
15/04/2019,02:04:54,4.726380342,338.6989178,174.0068282,4.735066208,340.4463108,173.9987413
15/04/2019,02:05:05,28.91980983,102.5727142,197.7838542,28.48099067,101.8255393,197.6335217
15/04/2019,02:05:16,356.0444804,216.001403,209.4324003,355.9736547,220.2537968,209.1471716
15/04/2019,02:05:27,3.667807315,340.8505043,176.9132103,3.725074183,342.4343654,176.8669153
15/04/2019,02:05:38,27.81081934,104.5183892,200.3906368,27.43215707,103.6352184,200.2347583
15/04/2019,02:05:49,355.3292942,216.0425481,211.6015727,355.2685363,220.1882407,211.2957169
15/04/2019,02:06:00,3.689931579,340.7817106,179.1765574,3.741369307,342.4041572,179.1335682
15/04/2019,02:06:11,26.72781088,104.1153602,202.1075688,26.26778398,103.2470246,201.9251754
15/04/2019,02:06:22,354.9957629,215.497417,213.8525026,354.9232122,219.5703954,213.417037
15/04/2019,02:06:33,3.482736083,340.1824196,180.6802818,3.471526035,341.8421948,180.6899261
15/04/2019,02:06:44,27.97605015,103.553584,204.6433995,27.50763578,102.7281283,204.4667844
15/04/2019,02:06:55,356.2855668,215.6228876,216.3800414,356.2462036,219.7513271,216.1763788
15/04/2019,02:07:06,3.396126082,340.0392759,183.9108657,3.3787091,341.7228595,183.9261517
15/04/2019,02:07:17,26.91158908,102.9548155,206.6584692,26.46472053,102.1310742,206.4905422
15/04/2019,02:07:28,355.2954515,214.8003142,218.4491242,355.1994733,218.9972196,218.0178934
15/04/2019,02:07:39,2.885819171,338.9789556,185.5021085,2.89126027,340.6620611,185.4973274
15/04/2019,02:07:50,27.56618758,102.1369345,208.7471411,27.18118689,101.1982616,208.5782305
15/04/2019,02:08:01,356.1632309,214.1163937,221.3279397,356.1138512,218.3090234,221.105057
15/04/2019,02:08:12,3.218166357,338.4649292,187.9564687,3.285550016,340.1543987,187.8967592
15/04/2019,02:08:22,28.26256122,101.9669311,211.1169708,27.75932142,101.224148,210.9480739
15/04/2019,02:08:33,357.0528468,213.8201958,223.370098,356.9638733,218.0048068,222.9704909
15/04/2019,02:08:44,3.69426448,337.5843607,189.792888,3.742509521,339.3216877,189.7483552
15/04/2019,02:08:55,28.70834376,101.1660163,212.354806,28.25594447,100.390701,212.1942146
15/04/2019,02:09:06,357.5150771,213.0532338,224.736368,357.471903,217.1886402,224.5190451
15/04/2019,02:09:17,4.160388606,336.0467349,191.5618114,4.193103504,337.7128229,191.5334251
15/04/2019,02:09:28,29.19821859,99.08909233,213.7700895,28.74505261,98.19596313,213.5825325
15/04/2019,02:09:39,357.9124073,212.30694,228.4497643,357.8210783,216.5341714,228.0754153
15/04/2019,02:09:50,4.208901732,336.2817173,195.2234621,4.273934524,338.052227,195.1615396
15/04/2019,02:10:01,29.12531656,100.0289332,218.0800618,28.68724189,99.16034486,217.9036927
15/04/2019,02:10:12,357.9159289,213.8299629,231.6571801,357.8737002,218.0428509,231.4765353
15/04/2019,02:10:23,5.01427495,337.5693821,198.477255,5.033862652,339.3769678,198.4580485
15/04/2019,02:10:34,29.01827384,102.0354447,220.7483025,28.53197974,101.1645614,220.5537651
15/04/2019,02:10:45,357.476535,214.5443188,232.5719474,357.4093556,218.6799027,232.2367763
15/04/2019,02:10:56,4.913236388,337.8238186,199.3616825,5.005297947,339.5830005,199.2745156
15/04/2019,02:11:07,28.96195551,101.6112421,221.8111073,28.45910504,100.7567581,221.6146437
15/04/2019,02:11:18,356.7883746,214.1672787,234.1964396,356.7279648,218.2465408,233.8488512
15/04/2019,02:11:29,3.702534558,338.5666888,200.9978407,3.758182244,340.235164,200.9494146
15/04/2019,02:11:40,28.09200627,102.2226329,223.5326838,27.61519418,101.3254807,223.3362612
15/04/2019,02:11:51,356.1909755,214.2718625,235.9454871,356.1177781,218.4892721,235.631476
15/04/2019,02:12:02,3.668769945,338.6299329,201.8215888,3.685291319,340.4273928,201.8055788
15/04/2019,02:12:13,28.57391881,102.7277663,225.5401037,28.07637539,101.8469246,225.3394191
15/04/2019,02:12:24,356.7986052,214.9945785,238.4885441,356.7301968,219.2546904,238.2187926
15/04/2019,02:12:35,4.530278354,338.8157397,205.9349609,4.521521624,340.4716132,205.9424741
15/04/2019,02:12:46,28.81947435,102.6372663,229.281736,28.41925771,101.7120694,229.1082628
15/04/2019,02:12:57,356.6928348,214.7028065,241.4437757,356.6118646,218.916036,241.0965016
15/04/2019,02:13:07,3.83326011,338.5029683,209.5141167,3.865875117,340.1721111,209.4857441
15/04/2019,02:13:18,28.51914069,101.8438032,232.8027941,28.08790645,100.9549156,232.6251136
15/04/2019,02:13:29,356.057745,213.59092,245.7919083,355.9858299,217.7775937,245.4636494
15/04/2019,02:13:40,3.156527529,338.4730008,213.0691345,3.175768172,340.0858202,213.0532202
15/04/2019,02:13:51,27.25222598,101.5052103,236.3191804,26.81741784,100.677166,236.154286
15/04/2019,02:14:02,356.2850729,213.7564564,248.972379,356.1977618,217.9825404,248.6055637
15/04/2019,02:14:13,3.534820117,337.8441094,215.5342044,3.538364558,339.5788938,215.5309532
15/04/2019,02:14:24,27.80642753,100.3578068,237.4203845,27.36306287,99.53914032,237.2541104
15/04/2019,02:14:35,356.8598777,212.9551796,250.5992208,356.8062232,217.1320452,250.350841
15/04/2019,02:14:46,2.914345883,338.4255668,218.0328242,2.927780865,340.1896425,218.020161
15/04/2019,02:14:57,27.82279095,101.9214898,240.9318804,27.40318853,101.0621154,240.765415
15/04/2019,02:15:08,356.5867365,214.8424565,252.96304,356.5427213,218.9735188,252.7373159
15/04/2019,02:15:19,3.94704722,339.2896797,220.1058003,4.018135402,340.8975387,220.0470197
15/04/2019,02:15:30,28.36025512,102.7088535,243.7669006,27.88419948,101.8234424,243.5732648
15/04/2019,02:15:41,356.1067708,215.1262645,256.0768891,356.0456773,219.3327868,255.8085583
15/04/2019,02:15:52,3.741039323,339.4990694,223.9275643,3.768414721,341.142652,223.9042871
15/04/2019,02:16:03,27.97726763,103.2004291,247.9808132,27.4935451,102.3128392,247.7841515
15/04/2019,02:16:14,355.1703754,214.7897275,260.2329021,355.074252,218.9664155,259.7824443
15/04/2019,02:16:25,2.851358732,340.0620136,227.2648221,2.867500817,341.7609002,227.2504377
15/04/2019,02:16:36,25.91732868,103.3140015,250.4651579,25.50243738,102.4082296,250.2923131
15/04/2019,02:16:47,353.9270713,214.8986553,262.8743002,353.8499918,219.1291925,262.5426057
15/04/2019,02:16:58,1.668617135,340.811357,230.2809517,1.710605616,342.4772846,230.2446287
15/04/2019,02:17:09,26.17423088,103.2506241,254.680614,25.82481889,102.4079837,254.5442971
15/04/2019,02:17:20,354.1263468,215.6168497,266.9152723,354.0654552,219.7771999,266.6136239
15/04/2019,02:17:31,2.922317994,340.5682894,233.9519188,2.986715366,342.2123876,233.8970997
15/04/2019,02:17:42,27.09100448,103.8245786,258.0395849,26.7128152,102.905884,257.877689
15/04/2019,02:17:53,355.4643062,215.2980028,269.8072086,355.4025514,219.5672126,269.5645661
15/04/2019,02:18:04,3.613901755,340.5984037,236.8595576,3.67954713,342.2366177,236.8038916
15/04/2019,02:18:15,27.22674083,103.7624785,260.9654467,26.75676235,102.9222218,260.7854917
15/04/2019,02:18:26,354.6817838,215.1793351,273.3117035,354.5858017,219.3433599,272.8459666
15/04/2019,02:18:36,2.156005561,340.4738125,239.9017922,2.195556411,342.0661465,239.8696767
15/04/2019,02:18:47,26.48722942,103.8988637,263.1426925,26.05993791,103.0496936,262.9765891
15/04/2019,02:18:58,354.2629869,215.1184918,274.5800423,354.1664972,219.3518294,274.1690972
15/04/2019,02:19:09,2.303016204,340.838712,242.060815,2.334421628,342.4467383,242.0349696
15/04/2019,02:19:20,25.65961882,103.9740368,265.5425887,25.21956168,103.1907029,265.3865257
15/04/2019,02:19:31,353.7971095,215.4368059,276.9482806,353.725594,219.5503147,276.5505656
15/04/2019,02:19:42,1.905518191,340.7944455,243.8911418,2.031457915,342.4312935,243.7844406
15/04/2019,02:19:53,25.08206485,103.9860101,266.788948,24.74441957,103.0575005,266.6431166
15/04/2019,02:20:04,352.8008133,215.7346705,277.6436963,352.6990785,219.9110306,277.1448945
15/04/2019,02:20:15,1.475183296,343.2703071,244.9294261,1.497220688,344.8427652,244.9118589
15/04/2019,02:20:26,24.77921255,105.848951,269.4964145,24.34849912,104.9664906,269.3232145
15/04/2019,02:20:37,352.2735133,216.4702818,279.8024869,352.1932953,220.6523657,279.4105707
15/04/2019,02:20:48,1.27116704,342.9029181,247.2533844,1.338741943,344.5610541,247.1952936
15/04/2019,02:20:59,23.69159714,105.0271154,271.7356442,23.35580284,104.2001639,271.6084866
15/04/2019,02:21:10,352.1623895,216.1851897,282.3112359,352.0582078,220.2764048,281.6795117
15/04/2019,02:21:21,1.327866681,342.5561152,249.2525261,1.352404883,344.1224347,249.2330805
15/04/2019,02:21:32,24.3470921,105.2589183,273.568382,23.95336414,104.346084,273.4034944
15/04/2019,02:21:43,351.7101943,215.9020647,285.4006397,351.6232699,220.1410031,285.0195357
15/04/2019,02:21:54,0.380817437,342.7289685,252.3862032,0.416649063,344.427044,252.3543745
15/04/2019,02:22:05,23.56718183,105.0667168,276.7262448,23.25052743,104.1697012,276.5949891
15/04/2019,02:22:16,352.3210454,216.1727861,287.6596087,352.1996089,220.4404522,287.1589763
15/04/2019,02:22:27,1.311591088,342.1253318,255.2712205,1.366963645,343.7037082,255.2268379
15/04/2019,02:22:38,24.32393946,104.3753514,278.5909685,23.95358441,103.609653,278.4621443
15/04/2019,02:22:49,352.4229894,215.6629398,290.1222812,352.3196316,219.9104569,289.6806002
15/04/2019,02:23:00,0.898778723,342.3674107,256.6722084,1.015479015,343.9915017,256.5746665
15/04/2019,02:23:11,23.62430611,104.5522738,280.2098394,23.21570541,103.6388589,280.0394467
15/04/2019,02:23:22,351.0368768,214.9310031,292.2200987,350.8825905,219.1874404,291.5551251
15/04/2019,02:23:32,359.0315048,341.9062449,259.107526,359.1108103,343.5268712,259.0416625
15/04/2019,02:23:43,22.80258142,103.8117378,283.0357482,22.43033099,102.9053308,282.8814816
15/04/2019,02:23:55,351.450426,215.3349132,294.120831,351.3477708,219.5226934,293.6150077
15/04/2019,02:24:05,359.577239,342.2414791,260.7961332,359.6616842,343.9001206,260.7236171
15/04/2019,02:24:16,22.22633544,103.9703826,284.0402983,21.90374048,103.1378509,283.9177783
15/04/2019,02:24:27,350.7202984,214.5814067,295.8509794,350.618205,218.8141432,295.3869295
15/04/2019,02:24:38,358.9956393,342.3581422,262.7085725,359.0605892,344.0255177,262.6524147
15/04/2019,02:24:49,23.06609695,103.7659414,286.7984311,22.70614427,102.8659479,286.6500111
15/04/2019,02:25:00,350.3339624,214.5551788,298.8231294,350.2080649,218.7620699,298.2106937
15/04/2019,02:25:11,358.7023615,342.5471625,265.4242489,358.8112108,344.1098723,265.3383183
15/04/2019,02:25:22,21.68617505,103.2464987,287.8292091,21.33006606,102.4580217,287.702475
15/04/2019,02:25:33,350.2509611,214.1854333,299.9401932,350.1178936,218.4248498,299.3340139
15/04/2019,02:25:44,358.2842493,342.163924,265.7604308,358.357954,343.8537145,265.6954825
15/04/2019,02:25:55,22.61828413,103.2530557,289.2976725,22.27318029,102.3893509,289.1615195
15/04/2019,02:26:06,351.3718822,214.2360723,301.3895798,351.2689034,218.3711781,300.8155502
15/04/2019,02:26:17,359.1759008,341.4709262,268.7329633,359.3422033,343.0657464,268.5976299
15/04/2019,02:26:28,23.97070086,103.1293131,292.6129643,23.60510645,102.2799381,292.4709647
15/04/2019,02:26:39,352.4033279,214.1446844,305.3758422,352.3068677,218.3642113,304.94024
15/04/2019,02:26:49,359.7006904,340.5502338,272.2340704,359.76671,342.2017138,272.177735
15/04/2019,02:27:00,23.70893045,102.0134788,294.814949,23.32248005,101.2392632,294.6795883
15/04/2019,02:27:11,353.0211326,213.6536074,307.2353885,352.9528243,217.8395299,306.9097011
15/04/2019,02:27:22,0.82380982,339.5133291,273.5678424,0.870248223,341.2624979,273.5247098
15/04/2019,02:27:33,25.35403615,101.8463782,297.3693373,25.01644893,101.0037173,297.2379313
15/04/2019,02:27:44,354.0968289,213.2052602,310.1255011,354.0048843,217.4096651,309.7098875
15/04/2019,02:27:55,1.138291793,338.3496305,276.8256446,1.177564847,340.0564623,276.7904555
15/04/2019,02:28:06,25.69285964,100.7711972,299.4450796,25.29632276,99.91553156,299.2894264
15/04/2019,02:28:17,354.1099544,212.4261815,313.1797055,354.009265,216.6131284,312.709225